幹,1
一下子爆發,1
一下子爆發的一連串,1
一巴掌,1
一再,1
一再叮囑,1
一拳,1
一般殺人罪,1
一陣狂風,1
一陣緊張,1
一掌,1
一團糟,1
一摑,1
一點點,1
一蹶不振,1
人事不省,1
人為,1
人為的,1
入迷,1
入迷的,1
入迷的人,1
刀刃,1
刁難,1
力盡,1
匕首,1
下地獄,1
下垂,1
下垂度,1
下流,1
下流的,1
下降,1
下陷,1
下等,1
下等的,1
下跌,1
下獄,1
下層社會,1
下暴雨,1
上當,1
上鉤,1
上癮,1
上癮者,1
久坐,1
久坐的,1
久經,1
久經世故,1
久經世故的,1
乞丐,1
乞求,1
乞討,1
乞得,1
亡命,1
亡命者,1
口吃,1
口角,1
口渴,1
口渴的,1
土匪,1
士氣低落,1
大叫,1
大叫大嚷著要求,1
大失敗,1
大吃一驚,1
大吃一驚的,1
大批出沒,1
大災難,1
大雨,1
大洪水,1
大恐慌,1
大浪,1
大破壞,1
大屠殺,1
大量殺戮,1
大量噴出,1
大傷,1
大意,1
大意的,1
大話,1
大禍,1
大錯,1
大聲,1
大聲的要求,1
大聲要求,1
大聲要求的,1
大膽,1
大膽的,1
大嚷,1
大變革,1
大變動,1
大驚小怪,1
女巫,1
子彈,1
小人,1
小心,1
小卒,1
小氣,1
小氣的,1
小偷,1
小規模戰鬥,1
小傢伙,1
小搗蛋,1
小衝突,1
小題大作,1
工作過度,1
工作過度的,1
己見,1
已過盛年,1
已過盛年的,1
干涉,1
干擾,1
干擾者,1
不一致,1
不上算的,1
不大,1
不大可能,1
不大可能之事,1
不小心,1
不小心的,1
不公平,1
不公平的,1
不公正,1
不切實際,1
不切實際的,1
不友好,1
不友好的,1
不友善,1
不友善地,1
不友善的,1
不及格,1
不太,1
不太可能的,1
不引人注意,1
不引人注意的,1
不毛,1
不毛的,1
不充分,1
不充分的,1
不充足,1
不充足的,1
不出場,1
不加,1
不加思考,1
不加思考的,1
不可,1
不可否認,1
不可否認的,1
不可抵抗,1
不可抵抗的,1
不可信,1
不可信的,1
不可信的事物,1
不可信賴,1
不可思議,1
不可思議的,1
不可能之事,1
不可能的,1
不可愛,1
不可愛的,1
不可預知,1
不可預知的,1
不可預測,1
不可預測的,1
不可靠,1
不可靠的,1
不可避免,1
不可避免的,1
不平,1
不平均,1
不平均的,1
不平坦,1
不平坦的,1
不平常,1
不平常的,1
不平等,1
不平等的,1
不平整,1
不平衡,1
不平衡的,1
不平靜,1
不平靜的,1
不必要,1
不必要的,1
不正,1
不正的,1
不正直,1
不正直的,1
不正常,1
不正常的興奮,1
不正當,1
不正當的,1
不正確,1
不正確的,1
不生育,1
不生育的,1
不休,1
不光明正大,1
不光明正大的,1
不吉利,1
不吉利的,1
不同意,1
不名譽,1
不名譽的,1
不合,1
不合宜,1
不合宜的,1
不合法,1
不合法的,1
不合時宜,1
不合時宜的,1
不合格,1
不合格的,1
不合情理之事,1
不合理,1
不合理的,1
不合規定,1
不合規定的,1
不合規格之物,1
不合意,1
不合意的,1
不合群,1
不合群的動物,1
不合標準,1
不合標準的,1
不合適,1
不合適地代表,1
不合適的,1
不合邏輯,1
不合邏輯的,1
不在乎,1
不在乎的,1
不在意,1
不在意的,1
不好,1
不如,1
不存在,1
不守,1
不守規矩,1
不守規矩的,1
不安,1
不安全,1
不安全的,1
不安定,1
不安定的,1
不安的,1
不安的狀態,1
不安寧,1
不安寧的,1
不安穩,1
不安穩的,1
不成比例,1
不成比例的,1
不成功,1
不成功的,1
不成熟,1
不成熟的,1
不自在,1
不自在的,1
不自然,1
不自然的,1
不住,1
不利,1
不利的,1
不告而別,1
不均勻,1
不均勻的,1
不均等,1
不妊,1
不妊的,1
不妥當,1
不妥當的,1
不孝,1
不完全,1
不完全的,1
不完美,1
不完美的,1
不快,1
不快樂,1
不快樂的,1
不牢固,1
不牢固的,1
不牢靠,1
不牢靠的,1
不良,1
不良的,1
不見,1
不足,1
不足之處,1
不足取,1
不足取的,1
不足的,1
不足額,1
不兩立,1
不到,1
不到案,1
不協調,1
不受感動,1
不受感動的,1
不受歡迎,1
不受歡迎的,1
不和,1
不和的,1
不和諧,1
不周到,1
不周到的,1
不坦率,1
不坦率的,1
不定,1
不定的,1
不宜,1
不宜的,1
不幸,1
不幸之事,1
不幸事件,1
不幸的,1
不幸的人,1
不忠,1
不忠的,1
不忠實,1
不忠實的,1
不易,1
不易的,1
不易瞭解,1
不易瞭解的,1
不易彎曲,1
不易彎曲的,1
不明,1
不明瞭,1
不明瞭的,1
不明確,1
不明確的,1
不服從,1
不服從的,1
不注意,1
不注意的,1
不法,1
不法行為,1
不法的,1
不直截了當,1
不直截了當的,1
不知,1
不知不覺,1
不知不覺的,1
不知所措,1
不知的,1
不知恩,1
不知羞恥,1
不知羞恥的,1
不知道,1
不知道的,1
不肯,1
不肯定,1
不肯定的,1
不肯接受,1
不肯越過障礙物,1
不近,1
不近人情,1
不近人情的,1
不長,1
不長果實,1
不長果實的,1
不信,1
不信任,1
不信任的,1
不信實,1
不信實的,1
不便,1
不便之處,1
不便的,1
不厚道,1
不厚道的,1
不恰當,1
不恰當地,1
不流行,1
不流行的,1
不流動,1
不流動的,1
不活潑,1
不活潑的,1
不為,1
不為人喜,1
不為人喜的,1
不省,1
不省人事,1
不省人事的,1
不相宜,1
不相信,1
不相容,1
不美,1
不美的,1
不耐,1
不耐煩,1
不耐煩的,1
不負責任,1
不負責任的,1
不重要,1
不重要之人,1
不重要的,1
不重視,1
不值得,1
不值得的,1
不值錢,1
不值錢的,1
不值錢的東西,1
不修邊幅,1
不准,1
不容易的,1
不屑,1
不屑做,1
不悅,1
不悅之色,1
不悅耳,1
不悅耳的,1
不留心,1
不留心的,1
不留神,1
不留神的,1
不真實,1
不真實的,1
不眠,1
不眠的,1
不純,1
不純的,1
不純潔,1
不純潔的,1
不能,1
不能決定,1
不能決定的,1
不能征服,1
不能征服的,1
不能的,1
不能肯定,1
不能信賴,1
不能信賴的,1
不能容忍,1
不能容忍的,1
不能區別,1
不能區別的,1
不能勝任,1
不能勝任的,1
不能想像,1
不能想像的,1
不能解決,1
不能解決的,1
不能解決問題,1
不能解決問題的,1
不能解釋,1
不能解釋的,1
不能說明,1
不能說明的,1
不能辨別,1
不能辨別的,1
不能壓制,1
不能壓制的,1
不能矯正,1
不能矯正的,1
不能醫治,1
不能醫治的,1
不起作用,1
不高,1
不高興,1
不高興的,1
不健全,1
不健全的,1
不健康,1
不健康的,1
不參加,1
不堅固,1
不堅固的,1
不夠,1
不夠的,1
不得人心,1
不得人心的,1
不得力,1
不得力的,1
不得已,1
不得已的,1
不得要領,1
不得要領的,1
不情願,1
不情願的,1
不清,1
不清楚,1
不清楚的,1
不理會,1
不祥,1
不祥的,1
不符,1
不習慣,1
不習慣的,1
不莊重,1
不莊重的,1
不規則,1
不規則的,1
不規則的事物,1
不許,1
不勝任,1
不勝任的,1
不喜歡,1
不尊重,1
不尋常,1
不尋常的,1
不愉快,1
不愉快的,1
不愉快的事,1
不景氣,1
不景氣的,1
不發達,1
不結果,1
不結果的,1
不結果實,1
不結果實的,1
不舒服,1
不舒服的,1
不舒適,1
不舒適的,1
不雅觀,1
不雅觀的,1
不順利,1
不順利的,1
不順當,1
不順當地,1
不新鮮,1
不新鮮的,1
不會,1
不會的,1
不經意說出,1
不經濟,1
不經濟的,1
不誠實,1
不誠實的,1
不道德,1
不道德的,1
不像,1
不像真實,1
不像真實的,1
不寧,1
不實在,1
不實在的,1
不對,1
不對頭,1
不對頭地,1
不滿,1
不滿足,1
不滿意,1
不滿意的,1
不稱心,1
不稱心地,1
不端,1
不管,1
不管怎樣,1
不管怎樣地,1
不精密,1
不精密的,1
不精確,1
不說話,1
不說話的,1
不遜,1
不遜的,1
不履行,1
不樂,1
不潔,1
不潔的,1
不潔淨,1
不潔淨的,1
不熟悉,1
不熟悉的,1
不確,1
不確定,1
不確定的,1
不確的,1
不確信,1
不確實,1
不確實的,1
不調和,1
不調和的,1
不適,1
不適任,1
不適任的,1
不適時,1
不適時的,1
不適當,1
不適當的,1
不適應環境,1
不適應環境的,1
不整齊,1
不整齊的,1
不親切,1
不親切的,1
不懂事,1
不懂事的,1
不檢,1
不講道理,1
不講道理的,1
不賺錢,1
不賺錢的,1
不斷,1
不斷引起苦惱,1
不斷地找..的岔子,1
不斷嘮叨,1
不斷騷擾,1
不禮貌,1
不謹慎,1
不謹慎的,1
不穩,1
不穩固,1
不穩固的,1
不穩定,1
不穩定的,1
不識,1
不識字,1
不識字的,1
不贊同,1
不贊成,1
不關,1
不關心,1
不關心的,1
不關緊要之事,1
不願意,1
不願意的,1
不嚴密,1
不覺,1
不顧,1
不顧一切,1
不顧一切地,1
不顧後果,1
不顧後果的,1
不聽話,1
不聽話的,1
不體面,1
不體面的,1
中止,1
中傷,1
中傷性,1
中傷性的,1
中傷者,1
中斷,1
互撞,1
仇恨,1
仇敵,1
介意,1
內疚,1
內情,1
公憤,1
冗長,1
冗長乏味,1
冗長乏味的,1
冗長的,1
冗語,1
冗餘,1
凶兆,1
分心,1
分心的事物,1
分歧,1
分泌毒液,1
分泌毒液的,1
分割,1
分裂,1
分裂的,1
分開,1
分隔,1
分離,1
分離的,1
切斷,1
勾引,1
勾結,1
化膿,1
厄運,1
反托拉斯,1
反托拉斯的,1
反作用,1
反抗,1
反抗的,1
反衝,1
反衝的,1
反社會,1
反叛,1
反叛者,1
反動,1
反動分子,1
反動主義,1
反動主義的,1
反動主義者,1
反動的,1
反動派,1
反常,1
反常的,1
反常現象,1
反覆,1
反覆告訴,1
反覆無常,1
反感,1
反話,1
反對,1
反對..提案,1
反對改革,1
反對改革的,1
反對的,1
反對者,1
反駁,1
反駁的,1
反衝,1
反諷,1
反覆,1
反覆無常,1
反覆無常的,1
反壟斷,1
反壟斷的,1
反證,1
太過,1
太過自信,1
太過自信的,1
太遲,1
太遲的,1
少給,1
巴掌,1
巴結,1
幻想,1
引起不舒服,1
引起死亡,1
引起疼痛,1
引起緊張,1
引起緊張的,1
引起嘲笑,1
引起嘲笑的,1
引起震驚,1
引起震驚的事件,1
引誘,1
心甘情願,1
心地不好,1
心地不好的,1
心神不安,1
心神不安的,1
心神不定,1
心情不穩,1
心情不穩的,1
心情浮動,1
心情浮動的,1
心眼壞,1
心眼壞的,1
心智衰弱,1
心虛,1
心虛的,1
心慌,1
支付利息,1
支吾,1
支配,1
文盲,1
木棍,1
欠缺,1
欠缺的,1
欠錢,1
止步,1
歹徒,1
毛病,1
毛骨悚然,1
毛骨悚然的,1
水妖,1
水性楊花,1
水性楊花的女人,1
水雷,1
火災,1
犬儒,1
犬儒主義,1
世仇,1
世代結仇,1
世俗,1
世俗的,1
世故,1
世界末日,1
世界的末日,1
乏味,1
乏味的,1
以..為賭注,1
以牙還牙,1
以呻吟聲說出,1
以為不可,1
以喧鬧聲擾,1
以誘餌吸引,1
以餌引誘,1
代罪羔羊,1
代價,1
令人不愉快,1
令人不愉快的,1
令人不滿意,1
令人不滿意的,1
令人失望,1
令人失望的人,1
令人沮喪,1
令人沮喪的,1
令人恐懼,1
令人恐懼的,1
令人討厭,1
令人討厭的,1
令人討厭的人,1
令人討厭的事物,1
令人窒息,1
令人窒息的濃煙,1
令人悲痛,1
令人悲痛的,1
令人無法忍受,1
令人無法忍受的,1
令人傷心,1
令人傷心的,1
令人煩惱,1
令人煩惱的,1
令人厭惡,1
令人厭惡的,1
令人憤慨,1
令人憤慨的,1
令人頭痛之事,1
令人懷疑,1
令人懷疑的,1
令退役,1
充公,1
充血,1
充滿危險,1
充滿危險的,1
凹下,1
凹痕,1
凹陷,1
出乎,1
出乎意料,1
出乎意料地,1
出沒,1
出沒於,1
出軌,1
出賣,1
加油門快速前進,1
加負荷於,1
加負擔於,1
加重,1
加重壓於,1
加害,1
加深,1
加罪,1
加罪於,1
加障礙於,1
加劇,1
功利,1
功利主義,1
功利主義的,1
功利主義者,1
功利的,1
功利論者,1
包圍,1
匆匆忙忙,1
匆匆忙忙的,1
匆忙,1
匆忙地走,1
匆忙地做,1
匆忙嚥下,1
卡住,1
去世,1
去除,1
可作兩種解釋,1
可忍受,1
可忍受的,1
可怕,1
可怕的,1
可怕的人,1
可怕的事,1
可怕的事物,1
可爭論,1
可爭論的,1
可容忍,1
可容忍的,1
可恥,1
可恥的,1
可恥的人,1
可笑,1
可笑的,1
可惜,1
可惜的,1
可惡,1
可惡的,1
可悲,1
可悲的,1
可厭,1
可厭惡,1
可厭惡的,1
可疑,1
可疑分子,1
可疑的,1
可鄙,1
可鄙的,1
可憐,1
可憐的,1
可憐的人,1
可憎,1
可憎的,1
可歎,1
可歎的,1
古怪,1
古怪的,1
古怪的人,1
叫化子,1
叫吠,1
叫喊,1
叫喊著說,1
叫喊聲,1
叱責,1
四處覓食,1
四散,1
囚犯,1
外行,1
外行的,1
外來,1
外來的,1
外傷,1
外傷用,1
外傷用的,1
外傷的,1
失去,1
失去..,1
失去..的,1
失去母獸,1
失去母獸的小動物,1
失去光澤,1
失去法律保護,1
失去知覺,1
失去知覺的,1
失去勇氣,1
失去能力,1
失去感覺,1
失去感覺的,1
失事,1
失明,1
失效,1
失眠,1
失眠的,1
失常,1
失控,1
失控地,1
失措,1
失敗,1
失敗的,1
失敗者,1
失望,1
失策,1
失業,1
失業人數,1
失業的,1
失業者,1
失業者的,1
失察,1
失誤,1
失調,1
失調的,1
失檢,1
失禮,1
失禮的,1
失寵,1
奴役,1
巨物,1
巨瀾,1
巧取,1
幼稚,1
幼稚的,1
打..的屁股,1
打入,1
打入地獄,1
打入地獄的,1
打仗,1
打出,1
打耳光,1
打屁股,1
打哈欠,1
打架,1
打倒,1
打破,1
打偏,1
打著哈欠說,1
打亂,1
打碎,1
打滾,1
打賭,1
打擊,1
打鼾,1
打擾,1
打斷,1
打顫,1
打攪,1
斥責,1
未下定義,1
未下定義的,1
未上班者,1
未中,1
未加,1
未加抑制,1
未加抑制的,1
未必,1
未必的,1
未成熟,1
未成熟的,1
未完全發展,1
未完全發展的,1
未完成,1
未完成的,1
未完成體,1
未決定,1
未決定的,1
未見過的,1
未受制止,1
未受制止的,1
未定,1
未定的,1
未知,1
未知的,1
未知的東西,1
未知數,1
未指明,1
未指明的,1
未得到,1
未被,1
未被通知,1
未被通知的,1
未被證明為正當,1
未被證明為正當的,1
未減輕,1
未減輕的,1
未發覺,1
未發覺的,1
未開化,1
未開化的,1
未經,1
未經訓練,1
未經訓練的,1
未經通知,1
未經通知的,1
未經檢查,1
未經檢查的,1
未解決,1
未解決的,1
未詳細說明,1
未詳細說明的,1
未達到,1
未確定,1
未確定的,1
未緩和,1
未緩和的,1
未擊中,1
未獲,1
未獲情報,1
未獲情報的,1
未觸及,1
未觸及的,1
末日,1
末日審判,1
正式放棄,1
正式脫離或退出,1
母夜叉,1
犯了罪,1
犯了罪的,1
犯人,1
犯殺人罪,1
犯規,1
犯罪,1
犯罪的,1
犯罪者,1
犯過失,1
犯過錯,1
犯錯,1
瓜分,1
瓦解,1
生活放蕩,1
生活放蕩的人,1
生活艱苦,1
生活艱苦的,1
生氣,1
生氣的,1
生病,1
生病的,1
生疏,1
生疏的,1
生硬,1
生硬的,1
生裂縫,1
生銹,1
生銹的,1
用力,1
用力按,1
用力擊,1
用手掌打,1
用皮帶抽打,1
用矛刺,1
用尖銳,1
用尖銳的聲音說,1
用沸水燙,1
用拳猛擊,1
用臭氣趕出,1
用帶捆住,1
用欺騙致使,1
用碎紙機撕毀,1
用話刺痛,1
用詭計取得,1
用槍射擊,1
用盡,1
用嘶啞,1
用嘶啞的聲音說,1
用憤怒,1
用憤怒的目光表示,1
用樹籬圍,1
用濫,1
用濫的,1
用舊,1
申斥,1
白日夢,1
白吃,1
白費,1
白費的,1
白癡,1
白癡的,1
白癡般,1
白癡般的,1
目中無人,1
目中無人的,1
目光短淺,1
目光短淺的,1
矛盾,1
矛盾的,1
丟失,1
丟掉,1
丟棄,1
丟臉,1
丟臉的,1
丟臉的人,1
丟臉的事,1
丟醜,1
丟醜的人,1
交疲,1
交惡運,1
交惡運的,1
交媾,1
交戰,1
交戰的,1
交戰國,1
交戰國的,1
仿造,1
仿造品,1
仿製,1
仿製品,1
休止,1
休克,1
伏兵,1
伏擊,1
任性,1
任性的,1
任性的舉動,1
任意,1
任意的,1
兇手,1
凶狠,1
凶狠的,1
兇殺,1
兇猛,1
兇猛的,1
兇惡,1
兇惡的,1
全無,1
全無的,1
共犯,1
共謀,1
刑事,1
刑事被告,1
劣馬,1
劣等,1
劣等的,1
劣勢,1
劣質,1
劣質的,1
劣學生,1
危及,1
危地,1
危困,1
危急,1
危急的,1
危害,1
危害物,1
危機,1
危險,1
危險之源,1
危險物,1
危險的,1
危險期,1
同性戀者,1
同情,1
同情的,1
同謀,1
吊兒郎當,1
吊兒郎當的人,1
向..挑戰,1
向..開槍,1
名聲臭,1
吃同類,1
吃同類的動物,1
吃得過飽,1
吃驚,1
因循,1
回絕,1
迴避,1
地牢,1
地雷,1
地獄,1
地震,1
在..下挖掘,1
在..上蔓生,1
在..中加入脂肪,1
在..埋地雷,1
在..留下疤痕,1
在..搜尋,1
多刺,1
多刺的,1
多風暴,1
多風暴的,1
多陰雨,1
多陰雨的,1
多疑,1
多疑的,1
多餘,1
多餘物,1
多餘的,1
妄求,1
妄為,1
妄動,1
妄動的,1
奸詐,1
奸詐的,1
好色,1
好事,1
好事的人,1
好爭論,1
好爭論的,1
好挖苦人,1
好挖苦人的,1
好鬥,1
好鬥的,1
好責罵,1
好責罵的人,1
好嘮叨,1
好嘮叨的人,1
好戰,1
好戰的,1
好戰者,1
如死一般,1
如死一般地,1
如野獸般,1
如野獸般的,1
如獸,1
如獸的,1
存心,1
存心的,1
存有偏見,1
存有偏見的,1
存偏見,1
守財奴,1
尖叫,1
尖叫著說,1
尖叫聲,1
尖刻,1
尖刻的,1
尖著,1
尖著聲音講,1
尖嘯,1
尖銳,1
尖銳的,1
尖聲,1
尖聲喊叫,1
尖聲發出,1
忙亂,1
成見,1
成空,1
成為空,1
成為空的,1
成為零,1
成為障礙,1
成問題,1
成問題的,1
成碎片,1
成零,1
成廢物,1
成廢物的,1
扣住,1
扣押,1
扣留,1
托辭,1
收買,1
曲折,1
曲折的,1
曲解,1
有..傾向,1
有..傾向的,1
有目的,1
有矛盾情緒,1
有矛盾情緒的,1
有危險,1
有危險的,1
有成見,1
有困難,1
有困難的,1
有毒,1
有毒的,1
有毒腺,1
有毒腺的,1
有害,1
有害的,1
有害的動物,1
有害的植物,1
有差別,1
有差別地對待,1
有差異,1
有差異的,1
有特權,1
有特權的,1
有病,1
有病的,1
有缺陷,1
有缺陷的,1
有缺點,1
有缺點的,1
有條件投降,1
有惡意,1
有惡意的,1
有瑕疵,1
有瑕疵的,1
有罪,1
有罪的,1
有詭計,1
有詭計的,1
有點兒,1
有顧忌,1
有顧忌的,1
有癮,1
有癮的人,1
次品,1
次要,1
次要的,1
次級,1
死亡,1
死亡狀態,1
死的,1
死者,1
死氣,1
死氣沈沈,1
死氣沈沈的,1
死記,1
死記硬背功課,1
污名,1
污的,1
污物,1
污垢,1
污染,1
污跡,1
污漬,1
污蔑,1
污濁,1
污濁的,1
污點,1
污穢,1
污穢的,1
灰心,1
灰心的,1
老生常談,1
老年,1
老年的,1
老馬,1
老處女,1
自大,1
自大的,1
自任,1
自任不凡,1
自任不凡的,1
自吹,1
自吹自擂,1
自吹自擂說,1
自我,1
自我中心,1
自我中心的,1
自我本位,1
自我本位的,1
自私,1
自私的,1
自卑,1
自卑情緒,1
自卑感,1
自命,1
自封,1
自負,1
自負的,1
自負的地方,1
自責,1
自誇,1
自誇的,1
自誇說,1
自稱,1
自擾,1
色慾,1
血腥,1
血腥的,1
行刺,1
行為不良,1
行為不良的人,1
行為不端,1
行為不檢,1
行為不檢的,1
行為不禮貌,1
行賄,1
行騙,1
行竊,1
作犯規動作,1
作低沈聲,1
作弄,1
作祟,1
作嘔,1
作弊,1
作廢,1
作戰,1
作驚人表演,1
低水平,1
低劣,1
低沈,1
低於他人者,1
低級,1
低級的,1
低級庸俗,1
低級庸俗的,1
低落,1
低聲,1
低聲地,1
低聲含糊,1
低聲含糊地說,1
佈置地雷或水雷,1
免職,1
冷笑,1
冷淡,1
冷淡的,1
冷落,1
冷漠,1
冷酷,1
冷酷地,1
冷酷的,1
冷嘲,1
冷嘲的,1
冷嘲熱諷,1
判刑,1
判決,1
利己,1
利己主義,1
利己主義的,1
刪去,1
刪除,1
劫掠,1
吝惜,1
吝嗇,1
吝嗇的,1
吝嗇鬼,1
吞吃,1
否決,1
否決權,1
否定,1
否定的,1
否認,1
呆子,1
呆笨,1
呆笨的,1
呆滯,1
呆滯的,1
告密,1
告密者,1
告發,1
告訴錯誤,1
告訴錯誤的消息,1
告誡,1
吹牛,1
吹牛皮,1
吹捧,1
吹噓,1
吹噓說,1
吸毒,1
吸毒者,1
吵吵鬧鬧,1
吵吵鬧鬧的要求,1
吵架,1
吵鬧,1
吵鬧的,1
吵鬧聲,1
吼叫,1
吼叫著表達,1
含有特定意味,1
含沙射影,1
含混,1
含混的,1
含淚,1
含糊,1
含糊地說,1
含糊地說話,1
含糊的,1
含糊話,1
困乏,1
困局,1
困惑,1
困窘,1
困境,1
困窮,1
困窮的,1
困擾,1
困難,1
困難的,1
坐立不安,1
坐臥不安,1
夾痛,1
妒忌,1
妨害,1
妨害物,1
妨礙,1
妨礙者,1
妓女,1
完全喪失,1
完全喪失的,1
完全喪失者,1
侷促,1
侷促不安,1
局限,1
局限於狹小空間,1
岔子,1
巫術,1
弄凹,1
弄死,1
弄污,1
弄歪,1
弄混,1
弄跛,1
弄亂,1
弄碎,1
弄皺,1
弄複雜,1
弄錯,1
弄糟,1
弄翻,1
弄壞,1
弄髒,1
形容枯槁,1
形容枯槁的,1
忘恩,1
忘恩負義,1
忘恩負義的,1
忘記,1
忌諱,1
忌諱的,1
忍住,1
忍受,1
快枯竭,1
快枯竭的,1
快活,1
抗議,1
抗辯,1
抗辯的,1
抖顫,1
扭打,1
扭曲,1
扭歪,1
扭斗,1
扭傷,1
把..分隔開,1
把..孤注一擲,1
把..烤焦,1
把..強加於,1
把..割下,1
把..悶死,1
把..燒焦,1
把..嚇出來,1
把..嚇跑,1
把..歸咎於,1
把工作搞糟,1
把關在欄內,1
扼死,1
扼制,1
扼殺,1
批判,1
批評,1
批評家,1
批駁,1
扯破,1
扯破的洞,1
扯碎,1
折磨,1
折斷,1
折舊,1
投入深淵,1
投降,1
投訴,1
投彈,1
投彈於,1
投機,1
抓住,1
抓取,1
抓得之物,1
抓傷,1
抑止,1
抑制,1
抑制的,1
攻佔,1
攻擊,1
攻擊性,1
攻擊性的,1
攻擊者,1
更惡劣,1
更惡劣地,1
更惡劣的事,1
更壞,1
更壞地,1
更壞的事,1
束手,1
束手無策,1
束縛,1
束縛物,1
步入歧途,1
步入歧途的,1
沈下,1
沈下臉,1
沈沈,1
沈沈不樂,1
沈沈不樂的,1
沈沒,1
沈重,1
沈重地走,1
沈重的,1
沈重的步伐,1
沈重的責任,1
沈重的腳步聲,1
沈重緩慢,1
沈重緩慢地走,1
沈迷,1
沈寂,1
沈寂的,1
沈悶,1
沈悶的,1
沈溺,1
沖打,1
沖蝕,1
沒收,1
沒收物,1
沒有,1
沒有目標,1
沒有目標的,1
沒有考慮,1
沒有考慮的,1
沒有自信,1
沒有自信的,1
沒有防備,1
沒有防備的,1
沒有經驗,1
沒有經驗的,1
沒有觀察到,1
沒有觀察到的,1
沒到,1
沒受,1
沒受教育,1
沒受教育的,1
沒注意到,1
沒規矩,1
沒規矩的,1
沒覺察到,1
沒覺察到的,1
汽車扣押場,1
灼枯,1
灼痛,1
灼痛感,1
灼傷,1
災害,1
災禍,1
災難,1
牢騷,1
狂妄,1
狂妄的,1
狂奔,1
狂放,1
狂怒,1
狂怒的,1
狂怒的人,1
狂風,1
狂風大浪,1
狂亂,1
狂亂地說,1
狂亂的,1
狂暴,1
狂暴地,1
狂暴的,1
狂熱,1
狂熱地,1
狂熱的,1
狂熱者,1
狂罵,1
私生,1
私生的,1
私通,1
私運,1
私黨,1
良心不安,1
見鬼,1
赤字,1
赤貧,1
赤貧者,1
赤裸裸,1
赤裸裸的,1
走失,1
走失的,1
走失的家畜,1
走失動物認領欄,1
走私,1
走得慢,1
走散,1
走散的人,1
走險,1
辛苦,1
辛苦地,1
辛苦的,1
辛辣,1
辛辣的,1
辛酸,1
迂迴,1
迂迴的,1
迂迴說法,1
迂迴,1
迂迴的,1
邪神,1
邪惡,1
邪惡的,1
防守狀態,1
乖張,1
乖張的,1
乖僻,1
事故,1
佯裝,1
依賴,1
依賴他人者,1
依賴的,1
使..失去法律保護,1
使一團糟,1
使一蹶不振,1
使人不高興,1
使人不愉快,1
使人不愉快的,1
使人反感,1
使人反感的,1
使人生氣,1
使人產生不愉快,1
使人產生不愉快的感覺,1
使人痛苦,1
使人痛苦的,1
使人厭惡,1
使人厭惡的,1
使人厭煩,1
使人厭煩的,1
使下垂,1
使上癮,1
使士氣低落,1
使大傷元氣,1
使不平,1
使不正常,1
使不合格,1
使不安,1
使不足,1
使不知所措,1
使不相宜,1
使不能,1
使不高興,1
使不舒服,1
使不適,1
使不關心,1
使中斷,1
使分心,1
使分裂,1
使分隔,1
使分離,1
使反感,1
使心智衰弱,1
使心慌,1
使充滿臭氣,1
使凹下,1
使凹陷,1
使加深,1
使失去,1
使失去光澤,1
使失去勇氣,1
使失去能力,1
使失去感覺,1
使失事,1
使失明,1
使失效,1
使失常,1
使失敗,1
使失望,1
使失調,1
使失寵,1
使瓦解,1
使生氣,1
使用計謀,1
使用計謀的,1
使丟臉,1
使休克,1
使存偏見,1
使成孤兒,1
使成殘廢,1
使成廢墟,1
使有危險,1
使有成見,1
使有缺陷,1
使污濁,1
使灰心,1
使行為不端,1
使作嘔,1
使含糊,1
使困惑,1
使困窘,1
使侷促不安,1
使局限於狹小空間,1
使折斷,1
使更壞,1
使束手無策,1
使沈沒,1
使沈溺,1
使狂熱,1
使赤貧,1
使身心交疲,1
使受人輕視,1
使受危困,1
使受到傷害,1
使受毒氣影響,1
使受傷,1
使受電擊,1
使受嚴重損傷,1
使委屈,1
使孤立,1
使孤寂,1
使延期,1
使抽動,1
使放縱,1
使昏亂,1
使服從,1
使沾上泥污,1
使沮喪,1
使氾濫,1
使空轉,1
使糾纏,1
使便宜,1
使咬字不清晰,1
使後退,1
使枯萎,1
使枯竭,1
使苦惱,1
使負重擔,1
使降級,1
使降級品格,1
使倒塌,1
使凌亂,1
使恐怖,1
使恐慌,1
使恐懼,1
使挫折,1
使挨餓,1
使氣餒,1
使消沈,1
使消散,1
使狼狽,1
使疾走,1
使病弱,1
使疲倦,1
使疲倦的,1
使疲勞,1
使疼痛,1
使破產,1
使破裂,1
使破爛,1
使紊亂,1
使純,1
使茫然,1
使荒蕪,1
使衰竭,1
使討厭,1
使起糾紛,1
使起皺紋,1
使逆行,1
使迷惑,1
使退卻,1
使骨折,1
使乾枯,1
使停頓,1
使堵塞,1
使得災禍,1
使混淆,1
使混亂,1
使淪為乞丐,1
使產生紋裂,1
使疏遠,1
使窒息,1
使粗糙,1
使羞愧,1
使脫軌,1
使處於不利,1
使處於不利地位,1
使蛀壞,1
使貧困,1
使貧窮,1
使透不過氣來,1
使陰暗,1
使陷入,1
使陷入困境,1
使陷危,1
使陷危地,1
使陷於,1
使麻木,1
使喪失,1
使惡化,1
使悲痛,1
使悲傷,1
使惱火,1
使惱怒,1
使散落,1
使減少,1
使焦慮,1
使無法動棋子,1
使無效,1
使無能為力,1
使無資格,1
使痛苦,1
使痙攣,1
使發出撞擊聲,1
使發狂,1
使發怒,1
使發愣,1
使發愁,1
使發燒,1
使短路,1
使稀薄,1
使窘迫不安,1
使費解,1
使跛,1
使跛行,1
使鈍,1
使黑暗,1
使傾側,1
使傾覆,1
使傷殘,1
使感覺不滿,1
使暈眩,1
使極,1
使極度痛苦,1
使極度激動,1
使極苦悶,1
使極痛苦,1
使毀滅,1
使煩惱,1
使煩亂,1
使煩燥,1
使煩躁,1
使碎裂,1
使落入圈套,1
使落空,1
使載重,1
使道德敗壞,1
使過早硫化,1
使隔絕,1
使隔離,1
使厭倦,1
使厭倦的,1
使厭惡,1
使厭煩,1
使對立,1
使對抗,1
使慘敗,1
使摔倒,1
使滲漏,1
使緊張,1
使腐朽,1
使腐敗,1
使腐蝕,1
使腐爛,1
使蒙受恥辱,1
使蒙羞,1
使僵持,1
使墮落,1
使憂傷,1
使憂鬱,1
使憤怒,1
使敵對,1
使暴露,1
使模糊,1
使潛入,1
使皺縮,1
使糊塗,1
使蓬亂,1
使複雜,1
使複雜化,1
使複雜的因素,1
使遭危險,1
使遭受,1
使遭受海難,1
使震動,1
使餓死,1
使激動,1
使磨損,1
使遲鈍,1
使錯綜,1
使頭暈眼花,1
使繃緊,1
使膽寒,1
使臨險境,1
使舉止失禮,1
使隱退,1
使擺脫,1
使斷念,1
使斷裂,1
使朦朧,1
使離婚,1
使離鄉背井,1
使爆炸,1
使難辦,1
使競爭,1
使纏結,1
使變空,1
使變得不愉快,1
使變得低劣,1
使變得無恥,1
使變陳腐,1
使變黑,1
使變暗,1
使變暗淡,1
使變酸,1
使變模糊,1
使變醜,1
使驚呆,1
使驚恐,1
使驚訝,1
使驚愕,1
使驚惶失措,1
使驚慌,1
使驚懼,1
使噁心,1
供給..過強,1
供給..過強的力量,1
供認,1
兩難,1
刻板,1
刻板的,1
刻薄,1
刻薄的,1
刺入,1
刺死,1
刺耳,1
刺耳的,1
刺耳聲,1
刺客,1
刺針,1
刺骨,1
刺探,1
刺眼,1
刺眼的強光,1
刺棒,1
刺痛,1
刺痛人,1
刺痛的,1
刺傷,1
刺激,1
刺激物,1
刮出,1
刮出刺耳聲,1
刮走,1
刮掉,1
刮落,1
制止,1
制止物,1
制服,1
卑下,1
卑下的,1
卑劣,1
卑劣的,1
卑屈,1
卑微,1
卑微的,1
卑鄙,1
卑鄙小人,1
卑鄙地,1
卑鄙的,1
卑鄙的人,1
卑賤,1
卑賤的,1
取消,1
取笑,1
受抑止,1
受到阻滯,1
受阻,1
受阻止,1
受害,1
受害的,1
受害者,1
受挫,1
受挫折,1
受挫折的,1
受悶,1
受痛苦,1
受詛咒,1
受詛咒的,1
受傷,1
受傷的,1
受感情驅使,1
受感情驅使的,1
受損失,1
受損害,1
受腐蝕,1
受難,1
受難者,1
受騙,1
受騙者,1
受驚,1
呵欠,1
咕噥,1
咕噥著說,1
呻吟,1
咒語,1
咒罵,1
咆哮,1
咆哮得使,1
咆哮著說,1
呼嘯,1
命令,1
命運注定,1
命運注定的,1
固執,1
固執己見,1
固執的,1
垃圾,1
垃圾場,1
夜盜,1
奉承,1
奇怪,1
奇怪的,1
奈何,1
委屈,1
姑息,1
孤立,1
孤立的,1
孤兒,1
孤寂,1
孤寂的,1
孤單,1
孤單的,1
孤獨,1
孤獨的,1
孤獨的人,1
定罪,1
尚未,1
尚未準備好,1
尚未準備好的,1
尚武,1
尚武的,1
屈服,1
屈辱,1
屈從,1
延期,1
延誤,1
延緩,1
延遲,1
征服,1
忽略,1
忽視,1
忿怒,1
忿恨,1
忿恨的,1
怪物,1
怪胎,1
怪異,1
怪異的,1
怪異的東西,1
怪異風格,1
怪誕,1
怪誕的行動,1
怪誕的事物,1
怪誕的圖樣,1
性急,1
承受,1
承受不住,1
承受不住的,1
拉緊,1
抹去,1
拒付,1
拒受,1
拒絕,1
拒絕..,1
拒絕..的要求,1
拒絕承兌,1
拒絕承認,1
拒絕接受,1
拒絕給予,1
拒給,1
招供,1
招致,1
招致毀滅,1
招致毀滅的,1
拋棄,1
抨擊,1
抽打,1
抽筋,1
抽噎,1
抽噎地哭,1
抽搐,1
押往,1
押往監獄,1
拙劣,1
拍打,1
拍擊,1
拍擊..使之前進,1
抵抗,1
抵制,1
抵消,1
牴觸,1
抱怨,1
抱怨地說,1
抱歉,1
抱歉的,1
拘束,1
拘泥,1
拘留,1
拘留所,1
拘留處,1
拖欠,1
拖延,1
拖累,1
拖著,1
拖著行進,1
拖著腳走,1
拖緊,1
拖沓,1
拖沓地進行,1
拆除,1
拆毀,1
放任,1
放低,1
放射,1
放棄,1
放棄權利,1
放逐,1
放肆,1
放肆的,1
放蕩,1
放蕩的,1
放縱,1
放縱的,1
易生氣,1
易生氣的,1
易受,1
易受..影響,1
易受..影響的,1
易受騙,1
易受騙的,1
易怒,1
易怒的,1
易被瞞,1
易被瞞的,1
易損壞,1
易損壞的,1
易煩惱,1
易煩惱的,1
易碎,1
易碎的,1
易瞞,1
易壞,1
易壞的,1
易爆發,1
易爆發的,1
易變,1
易變的,1
昂貴,1
昂貴地,1
昂貴的,1
昏昏欲睡,1
昏昏欲睡的,1
昏倒,1
昏迷,1
昏迷的,1
昏厥,1
昏亂,1
昏暗,1
昏暗的,1
昏暈,1
服麻醉品,1
服喪,1
板臉,1
武力,1
武裝,1
武裝部隊,1
武裝部隊的,1
歧途,1
泥污,1
泥坑,1
泥濘,1
泥濘的,1
沾污,1
沾染,1
法西斯主義者,1
法西斯黨員,1
油膩,1
油膩的,1
沮喪,1
沮喪的,1
氾濫,1
爭吵,1
爭吵的原因,1
爭鬥,1
爭鬥者,1
爭執,1
爭論,1
爭論的,1
爭辯,1
玩世不恭,1
玩弄,1
玩忽,1
玩忽行為,1
玩笑,1
疝氣,1
疙瘩,1
盲目,1
盲目的,1
盲信,1
盲信的,1
直撞,1
空洞,1
空洞的,1
空虛,1
空虛的,1
空想,1
空想的,1
空想家,1
空腹,1
空腹的,1
空話,1
空轉,1
空襲,1
糾紛,1
糾纏,1
糾纏不休,1
肥肉,1
肥的,1
表示忿恨,1
表示忿恨的,1
表示輕蔑,1
表示鄙視,1
表示謝絕,1
表示謝絕的短柬,1
表面性的事物,1
表面粗糙,1
表面粗糙的,1
軋軋,1
軋軋地作響,1
近視,1
近視的,1
長肥,1
長期不和,1
長期折磨,1
長期爭鬥,1
門外漢,1
阿諛,1
阻止,1
阻塞,1
阻隔,1
阻滯,1
阻礙,1
阻礙..的發育,1
阻礙物,1
阻攔,1
雨打,1
非正式,1
非正式的,1
非自願,1
非自願的,1
非法,1
非法的,1
非真正,1
非真正的,1
非婚生子,1
非婚生子女,1
非常飢餓,1
非常飢餓的,1
非難,1
非難的理由,1
侵入,1
侵入者,1
侵犯,1
侵犯人身,1
侵犯的,1
侵佔,1
侵吞,1
侵害,1
侵略,1
侵略的,1
侵略者,1
侵略國,1
侵奪,1
侵蝕,1
侵擾,1
侵襲,1
俘虜,1
俗麗,1
俗麗的,1
侮辱,1
侮辱的,1
侮慢,1
侮慢的,1
侷促,1
冒..的危險,1
冒充,1
冒充的,1
冒充者,1
冒失,1
冒失女孩,1
冒失的,1
冒犯,1
冒昧,1
冒昧的,1
冒牌,1
冒牌貨,1
冒險,1
冒險的,1
冒險假設,1
削弱,1
削掉,1
削減,1
前後矛盾,1
前後顛倒,1
前後顛倒的,1
剋星,1
勉強,1
勉強的,1
厚著臉皮做,1
厚臉皮,1
厚臉皮的,1
厚顏,1
厚顏無恥,1
厚顏無恥的,1
叛徒,1
叛逆,1
叛逆的,1
叛國,1
叛國者,1
叛亂,1
咬字不清晰,1
咬住,1
咬傷,1
哀求,1
哀惜,1
哀悼,1
哀悼者,1
哀痛,1
哀訴,1
哀傷,1
哀傷的,1
哀號,1
哀歎,1
哎呀,1
品行不端,1
品性不端,1
品性不端的,1
哄誘,1
哄騙,1
哄騙做,1
哈欠,1
咯咯,1
咯咯聲,1
垂下,1
垂涎,1
垂頭,1
垂頭喪氣,1
垂頭喪氣的,1
垮掉,1
垮台,1
姦情,1
威脅,1
威嚇,1
威壓,1
威懾,1
威懾力量,1
威懾的,1
孩子氣,1
孩子氣的,1
宣佈中止,1
宣佈脫離關係,1
宣判,1
宣告有罪,1
宣告放棄,1
宣告非法,1
宣告無效,1
封鎖,1
幽暗,1
很深的裂縫,1
後座力,1
後悔,1
後退,1
怒斥,1
怒目,1
怒目注視,1
怒容,1
怒容的,1
怒氣,1
怒氣沖沖,1
怒氣沖沖的,1
怒視,1
怒潮,1
怒髮衝冠,1
怠工,1
怠惰,1
怠惰地,1
怠惰的,1
怠慢,1
急切,1
急切地要求得到,1
急切的,1
急忙,1
急忙地講,1
急扯,1
急走,1
急拉,1
急促,1
急促地說,1
急急忙忙,1
急流,1
急煞車聲,1
急語,1
急躁,1
急躁的,1
怨言,1
怨恨,1
怨恨引起,1
怨恨引起的,1
怨恨的,1
恍惚,1
恫嚇,1
挖空,1
挖苦,1
挖苦的,1
挖掘,1
挖掘地基,1
拚命,1
持異議,1
持續的叫喊,1
指控,1
指責,1
指摘,1
拷問,1
拷問的,1
挑剔,1
挑剔的,1
挑逗,1
挑撥,1
挑戰,1
挑釁,1
挑釁的,1
故意,1
故意刁難,1
故意少給,1
故意的,1
故態復萌,1
故障,1
施以,1
施暴,1
枯萎,1
枯槁,1
枯竭,1
查抄,1
查禁,1
歪曲,1
歪的,1
毒品,1
毒品交易中收錢而不給貨,1
毒害,1
毒氣,1
毒氣影響,1
毒殺,1
毒液,1
毒蛇,1
毒蛇一樣,1
毒蛇一樣的傢伙,1
毒腺,1
毒藥,1
洪水,1
洪流,1
流亡,1
流亡者,1
流出,1
流血,1
流行病,1
流言,1
流言蜚語,1
流放,1
流氓,1
流空,1
流浪,1
流浪人,1
流浪乞丐,1
流浪的,1
流浪者,1
流浪漢,1
流淚,1
流逝,1
流離,1
派系,1
洩密,1
洩漏,1
洩露,1
炫耀,1
為..哀痛,1
為..鬥爭,1
為..報復,1
為..感到遺憾,1
為難,1
炸毀,1
炸藥,1
炮擊,1
炮轟,1
牲畜,1
牲畜欄,1
狩獵,1
狠狠,1
狠狠抨擊,1
狡詐,1
狡詐的,1
狡猾,1
狡猾的,1
玷污,1
畏怯,1
畏縮,1
畏縮的,1
畏懼,1
疤痕,1
相反,1
相反地,1
相反的,1
相差,1
相差的,1
相異,1
相異的,1
相撞,1
看不見,1
看不見的,1
研碎,1
砍倒,1
砍得,1
砍得很深,1
砍得很深的傷口,1
砍痕,1
砍傷,1
砍頭,1
砍擊,1
科以,1
突如其來,1
突如其來的,1
突然,1
突然不見,1
突然止步不前,1
突然地,1
突然的,1
突發,1
突襲,1
約束,1
約束物,1
胖的,1
背井,1
背信,1
背信棄義,1
背信棄義的,1
背信棄義的人,1
背叛,1
背叛的,1
背叛者,1
背離,1
胡言,1
胡言亂語,1
胡思,1
胡思亂想,1
胡思亂想的,1
胡亂,1
胡亂地塗,1
胡亂對付,1
胡話,1
胡說,1
胡鬧,1
致死,1
致死的,1
致污物,1
致使,1
致命,1
致命之物,1
致命的,1
苛求,1
苛刻,1
苛刻的,1
苦工,1
苦役,1
苦事,1
苦味,1
苦的,1
苦的東西,1
苦悶,1
苦惱,1
苦痛,1
苦幹,1
苦境,1
苦難,1
虐待,1
要吐,1
要吐的,1
要死,1
要求,1
計謀,1
負的,1
負荷,1
負數,1
負擔,1
迫切,1
迫切的,1
迫切需要,1
迫使,1
迫害,1
重打,1
重負,1
重新陷入,1
重擔,1
重壓,1
重擊,1
重擊聲,1
限止,1
限制,1
限制因素,1
限定,1
限度,1
陌生,1
陌生的,1
降低,1
降低..,1
降低..的地位,1
降低..的品格,1
降級,1
降禍,1
風吹,1
風波,1
風暴,1
風騷,1
飛濺,1
飛濺出,1
食人,1
食人者,1
亳不,1
亳不留情,1
亳不留情的,1
倒下,1
倒不如,1
倒坍,1
倒垃圾,1
倒彩,1
倒閉,1
倒塌,1
倒楣,1
倒楣的,1
倔強,1
倔強地,1
倔強的,1
凍傷,1
凌辱,1
凌亂,1
凋萎,1
凋謝,1
凋謝的,1
剔除,1
剛愎,1
剛愎的,1
剝落,1
剝奪,1
原子塵,1
原子塵的降下,1
唐突,1
唐突的,1
哭泣,1
哭得使..,1
哭著使..,1
哭訴,1
埋伏,1
埋地雷,1
埋葬,1
奚落,1
宰殺,1
害人,1
害人精,1
害怕,1
害怕的,1
害羞,1
害羞的,1
害處,1
害蟲,1
害臊,1
家務雜事,1
容忍,1
容易受驚,1
容易受驚的,1
射擊,1
差別,1
差的,1
差強,1
差強人意,1
差強人意的,1
差異,1
弱小,1
弱小的,1
弱點,1
徒勞,1
徒然,1
徒然的,1
恣意,1
恣意的,1
恥辱,1
恐怖,1
恐怖手段,1
恐怖主義,1
恐怖行動,1
恐怖時期,1
恐怖病,1
恐怖症,1
恐怖統治,1
恐怕,1
恐慌,1
恐嚇,1
恐懼,1
悄悄,1
悄悄踱步,1
悚然,1
悍婦,1
悔恨,1
拳打,1
拳頭,1
捕捉,1
捕捉之物,1
捕捉器,1
捆住,1
捏造,1
挫折,1
挫敗,1
挫傷,1
挨餓,1
料想不到,1
料想不到的,1
根絕,1
格外,1
格外的,1
格鬥,1
慇勤,1
氣急,1
氣急敗壞,1
氣急敗壞地說,1
氣惱,1
氣憤,1
氣憤地說粗話,1
氣餒,1
氣餒的,1
浪子,1
浪費,1
浪費的,1
浪蕩,1
浪蕩的,1
消失,1
消沈,1
消耗,1
消耗性,1
消耗性的,1
消耗熱,1
消耗熱的,1
消散,1
消極,1
消極的,1
消滅,1
消瘦,1
浸水而沈沒,1
浸沒,1
海洛因,1
海難,1
浮動,1
浮渣,1
浮躁,1
浮躁的,1
烤焦,1
烙印,1
烈酒,1
特權,1
狼吞虎嚥,1
狼狽,1
狼藉,1
狹小,1
狹路,1
畜生,1
留下傷痕,1
疾走,1
疾風,1
疾病,1
疾駛,1
病人,1
病人的,1
病狂,1
病的,1
病弱,1
病弱的,1
病弱的人,1
病根,1
病菌,1
疲乏,1
疲倦,1
疲倦的,1
疲勞,1
疲憊,1
疼痛,1
疼痛的,1
疹子,1
眩目,1
眩目地照射,1
真假可疑,1
真假可疑的,1
砰地,1
砰地放下,1
砰地落下,1
砰然,1
砰然作聲,1
砰然作聲地,1
砰然聲,1
砰擊,1
砰擊聲,1
砰聲,1
破布條,1
破衣服,1
破門,1
破門盜竊,1
破洞,1
破掉,1
破敗,1
破敗的,1
破產,1
破產了,1
破產了的,1
破產者,1
破裂,1
破裂處,1
破碎,1
破落,1
破落的,1
破舊,1
破舊的,1
破壞,1
破壞..的基礎,1
破壞名譽,1
破壞性,1
破壞性的,1
破壞的,1
破壞活動,1
破爛,1
破爛的,1
炮擊,1
神經,1
神經的,1
神經病,1
神經病的,1
神經病患者,1
神經過敏,1
神經過敏的,1
神經緊張,1
神經緊張的,1
神經質,1
神經質的,1
神經錯亂,1
秘密,1
秘密的,1
秘教,1
秘教的,1
笑柄,1
粉碎,1
紋裂,1
紊亂,1
索費,1
索價,1
缺少,1
缺少的東西,1
缺乏,1
缺乏自信,1
缺乏的,1
缺乏感情,1
缺乏感情或興趣,1
缺乏感情的,1
缺乏興趣,1
缺乏興趣的,1
缺席,1
缺席的,1
缺席者,1
缺陷,1
缺德,1
缺德的,1
缺點,1
耗費,1
耗費的,1
耗盡,1
耗盡的,1
耽擱,1
脂肪,1
脅迫,1
脆的,1
脆弱,1
脆弱的,1
臭味,1
臭氣,1
臭蟲,1
茫然,1
茫然的,1
荒地,1
荒年,1
荒年的,1
荒唐,1
荒唐的,1
荒涼,1
荒涼的,1
荒野,1
荒野的,1
荒廢,1
荒廢的,1
荒誕,1
荒蕪,1
荒蕪的,1
荒謬,1
荒謬的,1
荒謬的言行,1
草率,1
草率的,1
草率從事,1
草率從事的,1
衰老,1
衰老的,1
衰弱,1
衰弱的,1
衰退,1
衰敗,1
衰微,1
衰落,1
衰落的,1
衰竭,1
討好,1
討厭,1
討厭的,1
討厭的人,1
討厭的人或東西,1
討厭的事,1
訓斥,1
起糾紛,1
起阻礙作用,1
起風暴,1
起訴,1
起訴人,1
起訴狀,1
起皺,1
起雞皮疙瘩,1
辱罵,1
送葬,1
送葬者,1
逆向,1
逆向的,1
逆行,1
逆著,1
逆境,1
迷住,1
迷信,1
迷信引起,1
迷信引起的,1
迷信的,1
迷途,1
迷途地,1
迷惑,1
迷惑的,1
迷亂,1
迷路,1
迷路的,1
迷路者,1
迷戀,1
迷戀者,1
退出,1
退回,1
退役,1
退步,1
退卻,1
退場,1
退落,1
退學,1
退縮,1
退避,1
逃亡,1
逃亡的,1
逃亡者,1
逃犯,1
逃走,1
逃走的,1
逃走的人,1
逃掉,1
逃跑,1
逃避,1
逃避義務,1
逃避職責,1
追捕,1
追逐,1
追訴,1
追訴時效,1
追趕,1
追擊,1
追蹤,1
酒鬼,1
酒醉,1
酒醉的,1
針刺,1
陣痛,1
陡然,1
陡然下降,1
陡然下降的,1
飢餓,1
骨折,1
高度興奮,1
高速疾駛,1
高傲,1
高傲態度,1
高價,1
高價地,1
高壓,1
高壓政治,1
鬥爭,1
鬥拳,1
鬼鬼祟祟,1
鬼鬼祟祟的人,1
鬼鬼祟祟做事,1
乾旱,1
乾咳,1
乾枯,1
乾燥,1
乾燥的,1
偽君子,1
偽造,1
偽造物,1
偽造的,1
偽造品,1
偽善,1
偽善者,1
偽裝,1
停止,1
停業,1
停業清理,1
停頓,1
停滯,1
停滯的,1
假扮,1
假的,1
假冒,1
假冒的,1
假冒品,1
假毒品,1
假面目,1
假托,1
假貨,1
假裝,1
假裝的,1
做作,1
做假,1
做錯,1
做霸佔行為,1
健忘,1
偷東西,1
偷偷,1
偷偷地吃,1
偷偷地行動,1
偷偷地做,1
偷偷取得,1
偷偷摸摸,1
偷偷摸摸地行走,1
偷偷摸摸的,1
偷偷摸摸的人,1
偷偷摸摸的勾當,1
偷運,1
偷摸,1
偷摸行走,1
偷摸行走的人,1
偷懶,1
偷懶的,1
偷竊,1
偏心,1
偏心的,1
偏見,1
偏執狂,1
偏執狂患者,1
偏袒,1
勒死,1
勒索,1
勒索所得之款,1
勒除,1
勒除器,1
勒贖,1
勘漏,1
動武,1
動亂,1
動搖,1
動盪,1
動盪的局面,1
啪地一聲放下,1
啪地落下,1
啪的一聲甩,1
啪嗒,1
啪嗒一聲關上,1
啞的,1
問題,1
啜泣,1
啜泣著說,1
圈套,1
堅決主張,1
堅持己見,1
堅持己見的,1
堅硬,1
堅硬的,1
基礎薄弱,1
堵塞,1
執拗,1
執拗的,1
奢侈,1
奢侈的,1
奢華,1
奢華的,1
婉拒,1
娼妓,1
寄生蟲,1
寄食,1
寂寞,1
寂寞的,1
宿命,1
宿命論,1
宿命論的,1
密告,1
密謀,1
密藏,1
密藏的金錢,1
專制,1
專制的,1
專橫,1
專橫的,1
將..弄糟,1
將..逐出社會,1
將交保釋放,1
將浮渣去除掉,1
屠宰,1
屠宰者,1
屠殺,1
屠場,1
崎嶇,1
崎嶇不平,1
崩潰,1
帶來痛苦,1
庸俗,1
庸俗的,1
張揚,1
強加,1
強打,1
強光,1
強使,1
強制,1
強制的,1
強姦,1
強要,1
強迫,1
強迫..入伍,1
強迫..服務,1
強迫的,1
強迫徵兵,1
強烈,1
強烈抗議,1
強烈的慾望,1
強盜,1
強盜行為,1
強盜罪,1
強奪,1
強壓,1
強壓的,1
強擊,1
強擠,1
強擠入,1
得不到,1
得不到休息,1
得不到休息的,1
得罪,1
得罪人,1
得罪人的人,1
從..清除,1
從..開小差,1
從事小爭論,1
從事偽造活動,1
徘徊,1
患..病,1
患..病的,1
患者,1
患病,1
患病的,1
患精神病,1
患精神病的,1
惋惜,1
情況不好,1
情況不好的,1
情急,1
情急拚命,1
情急拚命的,1
情結,1
情節劇似,1
情節劇似的,1
掠奪,1
掠奪行為,1
控告,1
控訴,1
捲入,1
掩埋,1
掩飾,1
掩蔽,1
掉下,1
掉隊,1
掉隊的飛機,1
推卻,1
推托,1
推諉,1
推擠,1
推翻,1
掙扎,1
排斥,1
排除,1
救命,1
敗北,1
敗俗,1
敗退,1
敗德,1
敗德的,1
敗壞,1
敗壞的,1
敗壞道德之事,1
敏感,1
敏感的,1
斬首,1
梗塞,1
棄義,1
慾望,1
欲墜,1
殺人,1
殺人的,1
殺人者,1
殺人罪,1
殺死,1
殺害,1
殺戮,1
毫無,1
毫無辦法,1
毫無辦法的,1
淡而無味,1
淡而無味的,1
淡漠,1
淺的,1
淺薄,1
淺薄的,1
清理債務,1
清算,1
清算清算,1
淹沒,1
混沌,1
混淆,1
混蛋,1
混亂,1
混亂的,1
混戰,1
混戰場,1
混濁,1
混濁狀態,1
混雜,1
混雜的,1
淒涼,1
淒涼的,1
淒慘,1
淒慘的,1
淚珠,1
淫穢,1
淫穢的,1
淪為,1
淪為乞丐,1
深淵,1
牽制,1
牽連,1
猜想,1
猜疑,1
猛扔,1
猛吃,1
猛地,1
猛地落下,1
猛地關上,1
猛攻,1
猛拉,1
猛拋,1
猛砍,1
猛烈,1
猛烈抨擊,1
猛烈的,1
猛烈的力量,1
猛烈的抨擊,1
猛推,1
猛然,1
猛然一動,1
猛然地,1
猛然地一拉,1
猛奪,1
猛撞,1
猛衝,1
猛踢,1
猛擊,1
猛闖,1
猖獗,1
猖獗的,1
球觸網重發,1
現世,1
現世的,1
現出愁容,1
現實,1
現實的,1
產生反作用,1
產生紋裂,1
異乎,1
異乎尋常,1
異乎尋常的,1
異常,1
異常的,1
異常的人或物,1
異常興奮,1
異常興奮的,1
異議,1
疏忽,1
疏忽的,1
疏遠,1
疏遠的,1
盛怒,1
眼花,1
眼花的,1
眼花繚亂,1
眼花繚亂的,1
眼淚,1
硫化,1
窒息,1
窒息而死,1
窒息狀態,1
窒息的,1
窒息噎,1
笨手,1
笨手笨腳,1
笨手笨腳地做,1
笨拙,1
笨拙地說出,1
笨拙的,1
笨拙的處理,1
笨的,1
笨蛋,1
笨腳,1
粗心,1
粗心大意,1
粗心的,1
粗劣,1
粗劣的,1
粗俗,1
粗俗的,1
粗陋,1
粗陋的,1
粗野,1
粗野的,1
粗話,1
粗製,1
粗暴,1
粗暴地,1
粗暴的,1
粗魯,1
粗魯地對待,1
粗魯的,1
粗魯的人,1
粗魯無禮,1
粗魯無禮的,1
粗魯無禮的人,1
粗糙,1
粗糙地,1
粗糙的,1
絆倒,1
細菌,1
累贅,1
累贅的,1
終止,1
羞怯,1
羞恥,1
羞恥的,1
羞辱,1
羞惱,1
羞愧,1
脫口,1
脫口說出,1
脫軌,1
脫落,1
脫離,1
脫離常規,1
脫離常規的人,1
脫離聯邦,1
船失事,1
處..以罰金,1
處刑,1
處於不利,1
處於不利地位,1
處於支配地位,1
處置,1
處境艱難,1
處罰,1
蛀牙,1
蛀蝕,1
蛀壞,1
被分解,1
被打碎,1
被污染,1
被告,1
被吼叫著表達出來,1
被弄死,1
被弄髒,1
被扼死,1
被扼殺,1
被扯破,1
被抑制,1
被抑制狀態,1
被刺痛,1
被放逐者,1
被沾污,1
被玩弄,1
被玩弄的人,1
被侵蝕,1
被俘,1
被俘的,1
被害,1
被害者,1
被浮渣覆蓋,1
被迷住,1
被迷住的,1
被勒死,1
被控,1
被控犯罪,1
被控犯罪的人,1
被掩飾,1
被逐出,1
被逐出的,1
被悶死,1
被絞死,1
被詛咒,1
被詛咒的,1
被損壞,1
被腐蝕,1
被撕破,1
被撕裂,1
被潑水弄濕,1
被潑水弄濕的,1
被碾碎,1
被瞞,1
被遺棄,1
被遺棄的,1
被壓壞,1
被擊中,1
被擊中的,1
被擦模糊,1
被議論,1
被議論的,1
被驅逐,1
被驅逐的人,1
設伏,1
設伏地點,1
設圈套,1
設陷阱,1
設陷阱捕捉,1
責怪,1
責備,1
責備話,1
責罵,1
責罵不休,1
責難,1
貪吃,1
貪污,1
貪污的,1
貪求,1
貪財,1
貪婪,1
貪婪地吃,1
貪婪地注視,1
貪婪的,1
貪得,1
貪得無厭,1
貪得無厭的,1
貪慾,1
貪圖,1
貧乏,1
貧乏的,1
貧困,1
貧困的,1
貧瘠,1
貧瘠的,1
貧窮,1
貧窮的,1
軟弱,1
軟弱的,1
通告廢除,1
通俗,1
通俗的,1
通姦,1
通姦行為,1
通貨膨脹,1
通牒,1
通敵,1
連累,1
逐出,1
逐出教會,1
逐漸消耗,1
逞威,1
逞威風,1
逞威風的,1
造反,1
造反的,1
造成破壞,1
造成破壞的,1
造成損失,1
造成損害,1
造成損害的,1
造成錯覺,1
造謠,1
造謠中傷,1
造謠中傷的,1
透不過氣來,1
透露,1
野性,1
野性的,1
野草,1
野獸,1
野蠻,1
野蠻人,1
野蠻的,1
陳腐,1
陳腐的,1
陳舊,1
陳舊的,1
陰冷,1
陰冷的,1
陰沈,1
陰沈沈,1
陰沈沈的樣子,1
陰沈的,1
陰雨,1
陰森,1
陰森地逼近,1
陰間,1
陰暗,1
陰暗的,1
陰慘,1
陰慘的,1
陰影,1
陰謀,1
陰謀者,1
陰險,1
陰險人,1
陰險的,1
陰鬱,1
陰鬱的,1
陷入,1
陷入僵局,1
陷危,1
陷住,1
陷阱,1
陷於,1
陷於困境,1
陷落,1
麻木,1
麻木的,1
麻煩,1
麻煩事,1
麻煩的,1
麻醉,1
麻醉藥物,1
麻痺,1
傢伙,1
最小限度,1
最低,1
最低水平,1
最沒有,1
最後的審判日,1
最後通牒,1
割下,1
割破,1
割裂,1
割傷,1
割斷,1
創傷,1
創傷的,1
勞役,1
勞累,1
喀嚓,1
喀嚓喀嚓行進,1
喧嘩,1
喧嘩吵鬧,1
喧鬧,1
喧鬧的,1
喧鬧的談笑,1
喧鬧聲,1
喧嚷,1
喧嚷的,1
喧囂,1
喧囂的,1
喧囂聲,1
喊叫,1
喊叫聲,1
喜怒無常,1
喜怒無常的,1
喜誇耀,1
喜誇耀的,1
喜歡吵架,1
喜歡吵架的,1
喪友,1
喪心,1
喪心病狂,1
喪心病狂的,1
喪失,1
喪失公權者,1
喪失的,1
喪失親人,1
喪失親人的,1
喪氣,1
喪親,1
喋喋,1
喋喋不休,1
喋喋不休地講話,1
喃喃,1
喃喃地說出,1
喃喃自語,1
喃喃低語,1
單調,1
單調的,1
唾沫,1
唾沫飛濺,1
圍住,1
圍困,1
圍攻,1
圍城,1
報仇,1
報怨,1
報怨聲,1
報復,1
寒冷,1
寒冷刺骨,1
寒冷刺骨的,1
寒冷的,1
寒顫,1
復仇,1
復發,1
惡人,1
惡化,1
惡兆,1
惡兆的,1
惡劣,1
惡劣地,1
惡劣的,1
惡名,1
惡名昭張,1
惡名昭張的,1
惡名昭著,1
惡名昭著的,1
惡行,1
惡作劇,1
惡作劇的,1
惡事,1
惡性,1
惡性的,1
惡性腫瘤,1
惡毒,1
惡毒的,1
惡根,1
惡臭,1
惡臭的,1
惡習,1
惡棍,1
惡意,1
惡意的,1
惡運,1
惡夢,1
惡魔,1
惡魔的,1
惡魔般,1
惡魔般的,1
悲哀,1
悲哀地說,1
悲哀的,1
悲悼,1
悲痛,1
悲傷,1
悲傷的,1
悲傷者,1
悲慘,1
悲慘的,1
悲劇,1
悲劇的,1
悲歎,1
悲觀,1
悲觀主義,1
悲觀主義的,1
悲觀的,1
悶死,1
悶住,1
悶悶,1
悶悶不樂,1
悶悶不樂的,1
悶熱,1
悶熱的,1
惴惴,1
惴惴不安,1
惴惴不安的,1
惱人,1
惱人事,1
惱人的,1
惱火,1
惱怒,1
掌摑,1
掌擊,1
插嘴,1
提心吊膽,1
提心吊膽的,1
提出..來反對,1
提出論據反對,1
提防,1
揭穿,1
揭露,1
揮猛烈沖打,1
揮霍,1
揮霍的,1
揮霍無度,1
揮霍無度的,1
揮擊,1
敦促,1
敢冒,1
散落,1
斑塊,1
斑駁,1
斑駁的,1
斑點,1
替..報仇,1
朝..反衝,1
棘手,1
棘手的,1
棍打,1
欺侮,1
欺負,1
欺詐,1
欺詐的,1
欺詐者,1
欺瞞,1
欺騙,1
殘忍,1
殘忍或好色之人,1
殘忍的,1
殘害,1
殘疾,1
殘疾的,1
殘疾者,1
殘殺,1
殘酷,1
殘酷的,1
殘酷的行為,1
殘廢,1
殘廢的人,1
殘暴,1
殘暴的,1
殘暴的行為,1
殘骸,1
殖民,1
殖民地,1
渣滓,1
減小,1
減少,1
減少之量,1
減去,1
減低,1
減弱,1
減損,1
減縮,1
渺茫,1
渾名,1
焦急,1
焦痕,1
焦慮,1
焦慮的事,1
焦燥,1
焦躁,1
焦躁的,1
無人情味,1
無人情味的,1
無人理睬,1
無人理睬的,1
無人遵守,1
無人遵守的,1
無力,1
無力的,1
無子,1
無子可動,1
無子的,1
無可,1
無可奈何狀態,1
無可爭辯,1
無可爭辯的,1
無可置疑,1
無可置疑的,1
無生命,1
無生命的,1
無用,1
無用的,1
無用的老馬,1
無目的,1
無目的的,1
無休止,1
無名,1
無名小卒,1
無利益,1
無利益的,1
無助,1
無助的,1
無助的狀態,1
無希望,1
無希望的,1
無形,1
無形的,1
無形的東西,1
無志氣,1
無志氣的人,1
無把握,1
無把握的事,1
無決斷力,1
無決斷力的,1
無事自擾,1
無依,1
無依無靠,1
無依無靠的,1
無味,1
無底洞,1
無法,1
無法忍受,1
無法忍受的,1
無法投遞的郵件,1
無法計數,1
無法計數的,1
無法解決,1
無法解決的,1
無法預料,1
無法預料的,1
無爭論之餘地,1
無爭論之餘地的,1
無知,1
無知的,1
無知識,1
無知識的,1
無知覺,1
無知覺的,1
無信用,1
無勇氣,1
無勇氣的,1
無威嚴,1
無威嚴的,1
無度,1
無政府主義者,1
無政府狀態,1
無重要性,1
無重要性的,1
無家,1
無家可歸,1
無家可歸的,1
無恥,1
無恥的,1
無效,1
無效果,1
無效果的,1
無效的,1
無效能,1
無效能的,1
無效率,1
無益,1
無益的,1
無秩序,1
無秩序的,1
無能,1
無能力,1
無能力的,1
無能力者,1
無能為力,1
無能為力的,1
無動於衷,1
無動於衷的,1
無常,1
無常的,1
無情,1
無情的,1
無救,1
無救的,1
無深慮,1
無深慮的,1
無理由,1
無理由的,1
無理性,1
無理性的,1
無聊,1
無聊的,1
無聊的想法,1
無智,1
無智的,1
無策,1
無意義,1
無意義的,1
無意義的事,1
無意識,1
無意識的,1
無慈悲心,1
無慈悲心的,1
無感情,1
無感情的,1
無感覺,1
無感覺的,1
無愛情的,1
無準備,1
無準備的,1
無資格,1
無資格的,1
無道德,1
無道德的,1
無厭,1
無精打采,1
無精打采的,1
無遠見,1
無遠見的,1
無價值,1
無價值的,1
無憐憫心,1
無憐憫心的,1
無趣,1
無趣味,1
無趣味的,1
無趣的,1
無遮蔽,1
無遮蔽的,1
無靠,1
無魅力,1
無魅力的,1
無興趣,1
無賴,1
無幫助,1
無幫助的,1
無聲音,1
無聲音的,1
無禮,1
無禮的,1
無禮的人,1
無禮貌,1
無禮貌的,1
無關,1
無關重要,1
無關重要的,1
無權,1
無權的,1
無變化,1
無變化的,1
猶豫,1
猶豫的,1
猥褻,1
猥褻的,1
痛心,1
痛心的,1
痛打,1
痛恨,1
痛苦,1
痛苦的,1
痛苦的根源,1
痛苦的經驗,1
痛處,1
痙攣,1
發出尖銳,1
發出尖銳的聲音,1
發出刺耳,1
發出刺耳的聲音,1
發出刺耳聲,1
發出呻吟聲,1
發出咯咯聲,1
發出咯咯聲的東西,1
發出砰然聲,1
發出砰聲,1
發出嘈雜,1
發出嘈雜的聲音,1
發出嘈雜聲,1
發出撞擊聲,1
發出顫聲,1
發生矛盾,1
發作,1
發抖,1
發牢騷,1
發狂,1
發狂的,1
發育停止,1
發育遲緩,1
發昏,1
發炎,1
發疝氣,1
發怒,1
發紅,1
發展遲緩,1
發展遲緩的,1
發臭,1
發臭味,1
發臭的,1
發動,1
發動突然襲擊,1
發愣,1
發愣的,1
發脾氣,1
發嗚咽聲,1
發愁,1
發愁的人,1
發瘋,1
發瘋似,1
發瘋似的,1
發誓,1
發誓要,1
發劈啪聲,1
發熱,1
發燒,1
發爆震聲,1
盜賊,1
盜竊,1
短少,1
短促,1
短促頻繁,1
短促頻繁地乾咳,1
短處,1
短路,1
短暫,1
短暫的,1
硬背,1
硬逼,1
硬擠,1
硬擠過去,1
稀薄,1
窘迫,1
窘迫不安,1
窘境,1
窖藏,1
筋疲,1
筋疲力盡,1
筋疲力盡的,1
絞死,1
絞痛,1
結仇,1
結巴,1
結疤,1
結結巴巴,1
結結巴巴地說,1
結結巴巴地說話,1
絕望,1
絕望的,1
絕對,1
絕對地,1
絕對的,1
絲毫,1
給..不快之感,1
善變,1
善變的,1
脹大,1
脾氣,1
脾氣暴躁,1
脾氣暴躁的,1
脾氣壞,1
脾氣壞的,1
著火,1
著急,1
著急的,1
萎縮,1
萎靡,1
虛幻,1
虛幻的,1
虛偽,1
虛偽的,1
虛假,1
虛假的,1
虛張,1
虛張聲勢,1
虛脫,1
虛無,1
虛飾,1
虛榮,1
虛榮心,1
虛榮的,1
裂口,1
裂痕,1
裂開,1
裂開的,1
裂隙,1
裂縫,1
詛咒,1
詆毀,1
訴苦,1
貯藏貨物,1
費力,1
費力地做,1
費力的,1
費心,1
費用大,1
費用大的,1
費用浩大,1
費用浩大的,1
費解,1
費解的,1
貶低,1
貶低..,1
貶低..的身份,1
貶值,1
貶損,1
貶損的,1
貶黜,1
貿然,1
貿然輕率,1
貿然輕率的,1
超出,1
超自然,1
超自然的,1
超越誤差,1
超過,1
跋涉,1
跌價,1
跛子,1
跛行,1
跛足,1
跛足的,1
辜負,1
逮捕,1
進行威脅,1
進行恐嚇,1
進攻,1
進退兩難,1
鈍的,1
開小差,1
開玩笑,1
開除,1
開槍,1
閒混,1
閒散,1
閒蕩,1
順從,1
黑暗,1
黑暗的,1
亂丟,1
亂丟垃圾,1
亂哄哄,1
亂哄哄地跑,1
亂砍,1
亂結,1
亂想,1
亂語,1
亂撕,1
債務,1
債務人,1
傲慢,1
傲慢的,1
傲慢無禮,1
傲慢無禮的行為,1
傳染,1
傳染性,1
傳染性的,1
傳染病,1
傾卸,1
傾軋,1
傾倒,1
傾側,1
傾斜,1
傾斜的,1
傾銷,1
傾銷商品,1
傾覆,1
催吐,1
催吐劑,1
催促,1
傷..的感情,1
傷人,1
傷人感情,1
傷人感情的,1
傷亡,1
傷口,1
傷元氣,1
傷心,1
傷心事,1
傷心的,1
傷風,1
傷風敗俗,1
傷風敗俗的,1
傷害,1
傷害..的感情,1
傷害的,1
傷痕,1
傷殘,1
傷殘退役軍人,1
傷感情,1
傷感情的,1
傻子,1
傻瓜,1
傻事,1
傻的,1
剷除,1
嗜殺,1
嗜殺成性,1
嗜殺成性的人,1
嗜殺的,1
嗚咽,1
嗚咽地說,1
嗚咽著說,1
塞滿,1
塌陷,1
塌落,1
嫉妒,1
嫉妒的,1
嫉俗,1
嫌惡,1
嫌惡的,1
嫌疑,1
嫌疑犯,1
幹傻事,1
微不足道,1
微不足道的,1
微弱,1
微弱的,1
微暗,1
微暗的,1
微塵,1
愚人,1
愚行,1
愚弄,1
愚昧,1
愚笨,1
愚笨的,1
愚鈍,1
愚鈍的,1
愚蠢,1
愚蠢地說出,1
愚蠢的,1
愚蠢的人,1
意外,1
意外事件,1
意外的,1
意志消沈,1
意見不合,1
意見分歧,1
意欲,1
意義不明確,1
意義不明確的,1
意圖,1
感到不適,1
感到可憐,1
感到可憐的,1
感到灼痛,1
感到抱歉,1
感到抱歉的,1
感到後悔,1
感到疼痛,1
感到痛苦,1
感到極度痛苦,1
感到憂慮,1
感到遺憾,1
感到遺憾的,1
感到難過,1
感到難過的,1
感冒,1
感染,1
感傷,1
感傷的,1
想不到,1
想不到地,1
想不到的,1
想搶走,1
想嘔吐,1
想嘔吐的,1
愛挑剔,1
愛挑剔的,1
愛管閒事,1
愛管閒事的人,1
惹人惱怒,1
惹人惱怒的事,1
惹怒,1
惹惱,1
愁思,1
愁容,1
慌忙,1
慌張,1
慍怒,1
慍怒的,1
搞陰謀,1
搞亂,1
搞糟,1
搏鬥,1
搜捕,1
搜索,1
損失,1
損失物,1
損失者,1
損失慘重,1
損失慘重的,1
損污,1
損害,1
損耗,1
損傷,1
損傷痕,1
損毀,1
損壞,1
搶劫,1
搶走,1
搶奪,1
搖晃,1
搖晃著行駛,1
搖動,1
搖搖,1
搖搖欲墜,1
搖擺,1
搗蛋,1
搗蛋鬼,1
搗碎,1
新手,1
暗中,1
暗中來回尋覓,1
暗示,1
暗地,1
暗地裡破壞,1
暗指,1
暗殺,1
暗殺者,1
暗淡,1
暗淡的,1
暗諷,1
暈眩,1
暈眩的,1
會傳播,1
會傳播的,1
會蔓延,1
會蔓延的,1
極小,1
極小的空間,1
極不,1
極不協調,1
極不協調的,1
極可厭,1
極可厭的,1
極可憎,1
極可憎的,1
極危險之物,1
極度,1
極度地,1
極度渴望,1
極度渴望的,1
極度痛苦,1
極度興奮,1
極苦悶,1
極惡,1
極惡的,1
極殘忍,1
極殘忍的人,1
極無禮,1
極無禮的,1
極愚蠢,1
極愚蠢的,1
極端,1
極端的,1
極壞,1
極壞的,1
極蠢,1
極蠢之人,1
歇斯底里,1
歇斯底里的,1
歇斯底里症,1
毀掉,1
毀損,1
毀滅,1
毀滅性,1
毀滅性的,1
毀壞,1
溢出,1
滅亡,1
滅絕,1
滅絕的,1
溺死,1
溺愛,1
滑稽,1
滑稽的,1
滑稽劇,1
準備參加戰鬥,1
準備參加戰鬥的,1
煙霧,1
煙霧瀰漫,1
煙霧瀰漫的,1
煩人,1
煩人的,1
煩惱,1
煩亂,1
煩亂的,1
煩燥,1
煩燥的,1
煩擾,1
煩躁,1
煞車,1
煞風景,1
煞風景的,1
瑕疵,1
畸形,1
畸形人,1
畸形物,1
畸形的,1
畸形的人,1
睜大,1
矮小,1
矮小的人,1
矮小的東西,1
矮的,1
碎片,1
碎布條,1
碎裂,1
碰傷,1
碰運氣,1
碰運氣的,1
碰撞,1
碰擊,1
禁止,1
禁止使用,1
禁止的,1
禁止接近,1
禁令,1
禁忌,1
禁忌的,1
禁制,1
禁慾,1
禁閉,1
禁錮,1
綁架,1
置疑,1
置辯,1
罪犯,1
罪名,1
罪行,1
罪的,1
罪的宣告,1
罪惡,1
罪過,1
罪孽,1
罪孽深重,1
罪孽深重的,1
義憤,1
肆虐,1
腳步沈重,1
腳步沈重地行走,1
腳步沈重地走,1
腫痛,1
腫瘤,1
落入,1
落下,1
落伍,1
落伍的士兵,1
落空,1
落後,1
落後於,1
落後的,1
落後程度,1
裝作,1
裝竊聽器,1
解雇,1
該死,1
該死的,1
該咒罵,1
該咒罵的,1
該責備,1
該責備的,1
該罰,1
該罰下地獄,1
該罰下地獄的,1
誇大,1
誇大的,1
誇示,1
誇張,1
誇張的手法,1
誇張的言語,1
誇耀,1
誇耀的,1
詭計,1
詭計多端,1
詭計多端的,1
詭密,1
詭密的,1
詭辯,1
詭辯的,1
賄賂,1
跟..糾纏不休,1
跺腳,1
躲開,1
躲避,1
躲避責任者,1
躲藏,1
躲藏者,1
較壞,1
較壞者,1
遊蕩,1
遊蕩的,1
游擊,1
游擊隊,1
道德不好,1
道德不好的,1
道德敗壞,1
達不到,1
逼近,1
逼迫,1
違反,1
違反行為,1
違反的,1
違反教規,1
違犯,1
違抗,1
違抗命令,1
違抗命令的,1
違命,1
違法,1
違法的,1
違背,1
違背習俗,1
遇難,1
遇難船,1
遏止,1
遏制,1
遏制的,1
過分,1
過分單純化,1
過分單純化的,1
過失,1
過多,1
過多的,1
過早,1
過度,1
過度的,1
過度的疲勞,1
過時,1
過時的,1
過強,1
過得去,1
過得去的,1
過敏,1
過敏的,1
過剩,1
過剩的,1
過量,1
過量的,1
過飽,1
過激,1
過激的,1
過錯,1
遁辭,1
隔絕,1
隔開,1
隔離,1
電擊,1
預示..的凶兆,1
頑皮,1
頑皮的,1
頑固,1
頑固地,1
頑固的,1
頑強,1
頑強地,1
頑強的,1
頑童,1
鼓動,1
僕人,1
僕人的,1
劃破,1
厭倦,1
厭惡,1
厭惡的,1
厭煩,1
厭煩的,1
嘔吐,1
嘔吐物,1
嘈雜,1
嘈雜的談笑聲,1
嘈雜聲,1
圖謀,1
塵世,1
墓穴,1
夢魘,1
奪取,1
奪取之物,1
寧可,1
寧願,1
實利,1
實利的,1
對..不忠,1
對..沈下臉,1
對..施暴,1
對..突然查抄,1
對..索費,1
對..起反作用,1
對..採取破壞行動,1
對..處以缺席裁判,1
對..提出異議,1
對..提出質疑,1
對..感到後悔,1
對..徵稅,1
對手,1
對付,1
對立,1
對立的,1
對立者,1
對立面,1
對抗,1
對抗力量,1
對峙,1
對健康有害,1
對健康有害的,1
對進行報復,1
對頭,1
對證,1
弊病,1
弊端,1
徹底失敗,1
徹底的失敗,1
徹底擊潰,1
慢吞吞,1
慢吞吞地,1
慢吞吞地行進,1
慢性,1
慢性的,1
慢的,1
慟哭,1
慚愧,1
慚愧的,1
慘白,1
慘白的,1
慘事,1
慘重,1
慘案,1
慘敗,1
摔倒,1
撤回,1
撤退,1
撤退信號,1
撤銷,1
摸弄,1
摑..耳光,1
摧毀,1
摻假貨,1
摻雜,1
摻雜的,1
敲打,1
敲詐,1
敲詐者,1
搾出,1
槍聲,1
漠不,1
漠不關心,1
漠不關心的,1
漠視,1
漏出,1
漏洞,1
漏做,1
漏球,1
漏損,1
漏損物,1
漏損量,1
漏電,1
漂泊,1
漂泊的,1
漂泊者,1
滿得溢出,1
滿腹,1
滿腹牢騷,1
滯後,1
滯後於,1
滯緩,1
漸失,1
漸漸破壞,1
漫不經心,1
漫不經心的,1
滲透,1
滲透物,1
滲透活動,1
滲漏,1
煽動,1
煽動者,1
瑣細,1
瑣細的,1
瑣碎,1
瑣碎的,1
疑心,1
疑心的,1
疑有,1
疑問,1
疑惑,1
疑慮,1
疑懼,1
疑懼的,1
瘋人,1
瘋子,1
瘋狂,1
瘋狂地,1
瘋狂的,1
瘋的,1
瘋癲,1
瘋癲的,1
盡力睜大,1
監牢,1
監禁,1
監禁所,1
監獄,1
禍根,1
種族隔離,1
管閒事,1
精疲力盡,1
精疲力盡的,1
精神上的打擊,1
精神病患者,1
精神錯亂,1
緊拉,1
緊拖,1
緊急,1
緊急事件,1
緊急狀況,1
緊急需要,1
緊迫,1
緊迫地,1
緊張,1
緊張不安,1
緊張不安的,1
緊張的,1
罰金,1
罰款,1
聞出..的臭氣,1
腐朽,1
腐敗,1
腐敗的,1
腐蝕,1
腐蝕性,1
腐蝕性的,1
腐蝕物,1
腐蝕的,1
腐蝕劑,1
腐壞,1
腐爛,1
腐爛的,1
與..不符,1
與..匹敵,1
與..打仗,1
與..矛盾,1
與..作戰,1
與..扭打,1
與..爭辯,1
與..格鬥,1
與..鬥爭,1
與..鬥拳,1
與..脫離,1
與..戰鬥,1
與..斷絕關係,1
與..競爭,1
蓄意,1
蒙受,1
蒙受恥辱,1
蒙羞,1
蒙蔽,1
蝕壞,1
蝕壞的,1
裹屍布,1
認輸,1
誤入,1
誤入歧途,1
誤入歧途地,1
誤用,1
誤差,1
誤期,1
誤期的,1
誤傳,1
誤會,1
誤解,1
誤認,1
誤導,1
誤導的,1
說反話,1
說反話的,1
說含沙射影,1
說含沙射影的話,1
說胡話,1
說模稜兩可,1
說模稜兩可的話,1
說謊,1
說謊者,1
說蠢話,1
誘..入圈套,1
誘入,1
誘拐,1
誘捕,1
誘捕野獸,1
誘惑,1
誘惑力,1
誘惑物,1
誘餌,1
誘獲,1
賒欠,1
賒帳,1
賒購,1
趕出,1
趕走,1
輕佻,1
輕佻的,1
輕易停止,1
輕易停止的人,1
輕信,1
輕信的,1
輕率,1
輕率的,1
輕視,1
輕蔑,1
輕蔑地笑,1
輕蔑的,1
辣的,1
遠去,1
遠離,1
遜位,1
鄙棄,1
鄙視,1
酸味,1
酸的,1
酸的東西,1
酸腐,1
酸腐的,1
銀根緊,1
銀根緊的,1
障礙,1
障礙物,1
障礙船具,1
駁斥,1
駁回,1
骯髒,1
骯髒的,1
僵局,1
僵直,1
僵直的,1
僵持,1
僵持狀態,1
僵痛,1
僵痛的,1
僵硬,1
僵硬的,1
價值不高,1
價值不高的,1
劇烈,1
劇烈的,1
劇痛,1
劇跳,1
劈啪,1
劈啪聲,1
劈開,1
劈開的,1
嘮叨,1
嘮嘮叨叨,1
嘮嘮叨叨地責備,1
嘲弄,1
嘲弄的物件,1
嘲弄的話,1
嘲笑,1
嘲笑的,1
嘲笑著說,1
噴出,1
噴濺,1
噴濺出來,1
噴濺出來的東西,1
噴濺聲,1
嘶啞,1
增劇,1
墳墓,1
墮落,1
墮落的,1
墮落者,1
嬌養,1
審判,1
廢止,1
廢物,1
廢除,1
廢棄,1
廢棄的,1
廢話,1
廢墟,1
彈劾,1
徵收,1
徵收報復性關稅,1
徵稅,1
憂沈,1
憂悶,1
憂傷,1
憂慮,1
憂慮的,1
憂鬱,1
憂鬱的,1
慾望,1
憎恨,1
憎恨之物,1
憎惡,1
憤世,1
憤世嫉俗,1
憤世嫉俗的,1
憤怒,1
憤怒的,1
憤恨,1
憤慨,1
憔悴,1
憔悴的,1
撞擊,1
撞擊聲,1
撲滅,1
撕破,1
撕裂,1
撕裂處,1
撕毀,1
撕碎,1
撒旦,1
撒尿,1
撒謊,1
撬起,1
撬動,1
敵人,1
敵手,1
敵軍,1
敵意,1
敵對,1
敵對的,1
暫停,1
暴力,1
暴力引起,1
暴力引起的,1
暴行,1
暴雨,1
暴怒,1
暴政,1
暴虐,1
暴虐行為,1
暴虐的,1
暴風,1
暴風雨,1
暴風雨的,1
暴徒,1
暴動,1
暴跌,1
暴亂,1
暴躁,1
暴躁的,1
暴露,1
模糊,1
模糊不清,1
模糊不清地說,1
模糊不清地說話,1
模糊不清的事物,1
模糊的,1
模稜兩可,1
模稜兩可的,1
模稜兩可的話,1
毆打,1
潑婦,1
潛入,1
潛伏,1
潛伏者,1
潛行,1
潛行於,1
潛逃,1
潛藏,1
潰瘍,1
熱病,1
瘟疫,1
瘦的,1
皺眉,1
皺眉表示,1
皺眉頭,1
皺紋,1
皺縮,1
盤問,1
瞎的,1
碾碎,1
窮人,1
窮光蛋,1
窮凶,1
窮凶極惡,1
窮凶極惡的,1
窮困,1
窮困的,1
窮境,1
糊塗,1
緩慢,1
緩慢的,1
罵髒話,1
罷工,1
罷市,1
罷課,1
膚淺,1
膚淺的,1
蔓生,1
蔓生的,1
蔓延,1
蔑視,1
蓬亂,1
衝口,1
衝口說出,1
衝出,1
衝突,1
衝動,1
衝動的,1
衝撞,1
沖頭,1
沖壓機,1
衝擊,1
衝擊波,1
複雜,1
複雜化,1
複雜性,1
複雜的,1
複雜的因素,1
複雜的事物,1
課刑,1
諂媚,1
調戲,1
論爭,1
論爭的,1
論戰,1
誹謗,1
誹謗性,1
誹謗性的,1
誹謗的,1
誹謗者,1
誹謗罪,1
賦閒無事,1
賤役,1
賭注,1
賭掉,1
賭博,1
賭運氣,1
賣弄,1
賣弄風騷,1
賣弄風騷的人,1
賣假毒品給人,1
賣國,1
賣國賊,1
質地薄,1
質地薄的,1
質問,1
質疑,1
踐踏,1
踩踏,1
適於屠宰,1
遮暗,1
遮蔽,1
遭受,1
遭受風吹雨打,1
遭受風吹雨打的,1
遭遇,1
遷就,1
醉漢,1
震動,1
震顫,1
震驚,1
靠不住,1
靠不住的,1
鞍傷,1
養肥,1
餓死,1
餓得,1
餓得要死,1
餘地,1
駑馬,1
鬧劇,1
魯莽,1
魯莽行為,1
魯莽的,1
噪音,1
噪聲,1
噱頭,1
懊悔,1
懊惱,1
戰役,1
戰爭,1
戰爭的,1
戰鬥,1
戰鬥的,1
戰場,1
擅自,1
擅自摸弄,1
擅離,1
擁有壓倒優勢,1
擁塞,1
擁擠,1
擁擠的,1
擋開,1
操賤役,1
操賤役的人,1
擔心,1
擔負,1
擔憂,1
橫穿,1
橫渡,1
橫著,1
橫著的,1
橫過,1
橫衝,1
橫衝直撞,1
濃烈,1
濃煙,1
激怒,1
激浪,1
激烈,1
激烈的,1
激烈進行,1
激動,1
激進分子,1
激潮,1
激戰,1
燒製,1
燒焦,1
燒傷,1
燒燬,1
燒壞,1
燙痛,1
燙傷,1
燃燒,1
獨裁,1
獨裁的,1
獨裁者,1
獨裁者的,1
獨斷,1
獨斷的,1
瘸的,1
磨損,1
磨損的,1
磨損處,1
磨壞,1
積聚錢財,1
窺探,1
窺視,1
篡改,1
篡奪,1
蕩婦,1
蕭條,1
蕭條的,1
謀反,1
謀反者,1
謀得,1
謀殺,1
謀略,1
諷刺,1
諷刺的,1
諷剌,1
諷剌之事,1
蹂躪,1
輻射,1
輻射性微塵,1
輸光,1
辦錯,1
遲到,1
遲到的,1
遲鈍,1
遲鈍的,1
遲滯,1
遲緩,1
遺失,1
遺失者,1
遺棄,1
遺漏,1
遺憾,1
遺贈,1
鋸掉,1
錯失,1
錯亂,1
錯亂地做事,1
錯過,1
錯綜,1
錯誤,1
錯誤地,1
錯誤地處理,1
錯誤的,1
錯覺,1
隨口,1
隨口洩漏,1
隨便,1
隨便地放置,1
隨便的,1
險惡,1
險惡的,1
險境,1
頻繁,1
頭痛,1
頭暈,1
頭暈的,1
頭暈眼花,1
頹廢,1
頹廢的,1
頹廢者,1
頹廢派藝術家,1
頹廢期,1
頹廢期的,1
優柔寡斷,1
優柔寡斷的,1
償付,1
嚎啕,1
嚇人,1
嚇人的,1
嚇出,1
嚇呆,1
嚇呆的,1
嚇跑,1
壓力,1
壓下,1
壓抑,1
壓制,1
壓制性,1
壓制性的,1
壓治,1
壓治統治,1
壓迫,1
壓迫的,1
壓倒,1
壓倒性,1
壓倒性的,1
壓破,1
壓碎,1
壓搾,1
壓皺,1
壓壞,1
尷尬,1
瀰漫,1
應斥責,1
應斥責的,1
應負責的,1
應該譴責,1
應該譴責的,1
懦弱,1
懦弱的人,1
戲弄,1
擊中,1
擊成..,1
擊退,1
擊退的,1
擊敗,1
擊潰,1
擠出前進,1
擠向前,1
擠過,1
擠過去,1
擠滿,1
擦破,1
擦痕,1
擦痛,1
擦傷,1
擱下,1
曖昧,1
曖昧的,1
濫用,1
癌症,1
瞪眼,1
瞧不起,1
瞧不起人,1
瞧不起人的,1
矯揉,1
矯揉造作,1
矯揉造作的,1
矯飾,1
糟粕,1
糟透,1
糟透了,1
糟透了的,1
糟透的,1
縮小,1
縮減,1
繃著,1
繃著的臉,1
繃緊,1
繃緊的,1
縱容,1
縱情,1
縱情於,1
聲名狼藉,1
聲名狼藉的,1
聲明拒付,1
聲明放棄,1
聳人,1
聳人聽聞,1
聳人聽聞的,1
聳肩,1
聳肩表示,1
膽大,1
膽大妄為,1
膽大妄為的,1
膽小,1
膽小的,1
膽小的人,1
膽怯,1
膽寒,1
膽敢,1
臉上發紅,1
臉上發紅的,1
臨死,1
臨死的痛苦,1
臨時手段,1
臨時地,1
舉反證,1
舉止失禮,1
艱巨,1
艱巨的,1
艱苦,1
艱苦的,1
艱難,1
艱難的,1
薄弱,1
薄情,1
薄情的,1
虧缺,1
褻瀆,1
謊言,1
謊話,1
謠言,1
謠傳,1
謝絕,1
輾轉,1
避免,1
避免直接答覆,1
避開,1
避債,1
避諱,1
還可以的,1
醜老太婆,1
醜事,1
醜的,1
醜陋,1
醜陋的,1
醜惡,1
醜惡的,1
醜聞,1
隱伏,1
隱伏的,1
隱秘,1
隱秘的,1
隱退,1
隱退處,1
隱密,1
隱密的,1
隱蔽,1
隱蔽的,1
隱蔽處,1
隱瞞,1
隱諱,1
隱藏,1
鼾聲,1
擾亂,1
攆走,1
擺脫,1
擺脫了,1
擺脫了的,1
擺脫的,1
斷念,1
斷然拒絕,1
斷絕,1
斷裂,1
斷開,1
朦朧,1
歸咎,1
歸咎於,1
濺出,1
獵食,1
竄改,1
簡陋,1
簡陋的,1
糧食不足,1
繞圈子,1
繞圈子的,1
繞圈子的話,1
繚亂,1
翻找,1
翻倒,1
翻滾,1
翻騰,1
舊病,1
舊病復發,1
藐視,1
藉口,1
蟲子,1
謬見,1
謬誤,1
謬誤的,1
謬論,1
贅詞,1
蹙額,1
蹣跚,1
蹣跚地走,1
鎮壓,1
闖入,1
離婚,1
離鄉,1
離鄉背井,1
離開,1
離開正道,1
離開正道的,1
離間,1
離群,1
離群的動物,1
雜交,1
雜多,1
雜多的,1
雜事,1
雜物,1
雜草,1
雜訊,1
雜亂,1
雜亂的一團,1
雜質,1
雙關話,1
鞭子,1
鞭打,1
鯊魚,1
壞人,1
壞事,1
壞的,1
壞的東西或情形,1
壞處,1
壞蛋,1
壞脾氣,1
壞脾氣的,1
壞運氣,1
壟斷,1
寵壞,1
懲罰,1
懷有惡意,1
懷有惡意的,1
懷恨,1
懷恨的,1
懷恨者,1
懷惡意,1
懷惡意的,1
懷疑,1
懷疑宗教教條,1
懷疑宗教教條的,1
懷疑的,1
懷疑論,1
懷疑論的,1
懷敵意,1
懷敵意的,1
懶人,1
懶惰,1
懶惰的,1
懶惰鬼,1
懶散,1
懶散地,1
懶漢,1
曠課,1
曠課者,1
爆炸,1
爆炸物,1
爆炸的,1
爆破,1
爆發,1
爆震,1
羅網,1
證明..是虛假,1
譏諷,1
辭呈,1
辭職,1
邋遢,1
邋遢女人,1
邋遢的,1
關上,1
關在,1
關押,1
難以,1
難以取悅,1
難以取悅的,1
難以明瞭,1
難以明瞭的,1
難以相信,1
難以捉摸,1
難以捉摸的,1
難以置信,1
難以置信的,1
難民,1
難事,1
難取悅,1
難取悅的,1
難治療,1
難治療的,1
難信,1
難信的,1
難為情,1
難相處,1
難相處的,1
難看,1
難看的,1
難耐,1
難耐的,1
難捕捉之物,1
難捉摸,1
難捉摸的,1
難控制,1
難控制的,1
難接近,1
難接近的,1
難處理,1
難處理的,1
難解,1
難解的,1
難達成,1
難達成的,1
難達到,1
難達到的,1
難過,1
難駕馭,1
難駕馭的,1
難辦,1
難點,1
難題,1
霧朦朧,1
顛倒,1
顛覆,1
顛簸,1
騙人,1
騙人的,1
騙子,1
騙局,1
勸告,1
勸阻,1
嚴重,1
嚴重地,1
嚴重事故,1
嚴重的,1
嚴重破壞,1
嚴峻,1
嚴峻的,1
嚴格,1
嚴格的,1
嚴寒,1
嚴寒的,1
嚴肅,1
嚴肅的,1
嚴酷,1
嚴酷的,1
嚴酷的考驗,1
嚴厲,1
嚴厲批評,1
嚴厲拒絕,1
嚴厲的,1
嚴厲對待,1
嚴懲,1
攙假,1
攙雜,1
獻慇勤,1
競爭,1
競爭者,1
蠕動,1
覺得疼痛,1
觸及,1
觸犯,1
觸怒,1
議論,1
警告,1
警惕,1
警惕的,1
警報,1
警報器,1
饑荒,1
飢餓,1
飢餓的,1
饑謹,1
饑饉,1
騷動,1
騷亂,1
騷擾,1
懼怕,1
殲滅,1
灌輸,1
纏結,1
纏繞,1
蠢人,1
蠢事,1
蠢話,1
譴責,1
贓物,1
躊躇,1
轟炸,1
轟動,1
轟動一時,1
轟動一時的,1
轟鳴,1
轟擊,1
辯解,1
辯駁,1
辯論,1
霸佔,1
響而刺耳,1
響而刺耳的,1
顧忌,1
驅使,1
驅逐,1
驅散,1
魔女,1
魔王,1
魔鬼,1
魔鬼似,1
魔鬼似的,1
魔鬼的,1
黯淡,1
黯淡的,1
權宜,1
權宜之計,1
權宜的,1
聾的,1
聽不清,1
聽任,1
襲取,1
襲擊,1
顫抖,1
顫動,1
顫聲,1
驕傲,1
驕傲自大,1
驕傲的,1
髒污,1
髒話,1
攫取,1
曬焦,1
竊賊,1
竊聽,1
竊聽器,1
蠱惑,1
變幻,1
變幻無常,1
變幻無常的,1
變成廢墟,1
變污,1
變空,1
變革,1
變凌亂,1
變弱,1
變破爛,1
變動,1
變得不愉快,1
變得有缺陷,1
變得冷酷無情,1
變得更壞,1
變得束手無策,1
變得陰沈,1
變得渺茫,1
變得無恥,1
變得微弱,1
變得緊張,1
變得模糊,1
變淡,1
變深,1
變軟弱,1
變陰沈,1
變陰暗,1
變鈍,1
變黑,1
變黑暗,1
變暗,1
變暗淡,1
變節,1
變態,1
變態性慾者,1
變態的,1
變態者,1
變酸,1
變憂沈,1
變模糊,1
變皺,1
變複雜,1
變遲鈍,1
變醜,1
變舊,1
變壞,1
變髒,1
顯怒容,1
驚人,1
驚人的,1
驚呆,1
驚呆的,1
驚恐,1
驚訝,1
驚愕,1
驚惶,1
驚惶失措,1
驚惶奔跑,1
驚慌,1
驚跳,1
驚險,1
驚險動作,1
驚駭,1
驚駭的,1
驚嚇,1
驚懼,1
癱瘓,1
癲狂,1
癲狂者,1
蠶食,1
讓渡,1
蠻幹,1
蠻橫,1
蠻橫行為,1
蠻橫的,1
咂嘴,1
骯髒,1
骯髒的,1
揶揄,1
揶揄者,1
痼疾,1
蜚語,1
噁心,1
噁心的,1
噘起,1
噘著嘴說,1
噘嘴,1
鋌而走險,1
鋌而走險的,1
蹩腳,1
蹩腳的,1
譭謗,1
,1
,1
一文不值,1
一屁股,1
一肚子氣,1
一肚子壞水,1
一面倒,1
一個屁,1
一哭二鬧三上吊,1
一氣,1
一氣之下,1
一張臭臉,1
一廂情願,1
一意孤行,1
一腳踹開,1
一團糟,1
一槍斃了你,1
一箭之仇,1
一錯再錯,1
二百五,1
人人自危,1
人心惶惶,1
人生不就是如此,1
人身攻擊,1
人渣,1
人窮志短,1
八股,1
刀割,1
刁難,1
又氣,1
三八,1
三流,1
下三爛,1
下手,1
下半身思考,1
下地獄,1
下毒,1
下毒手,1
下流,1
下賤,1
上吊,1
乞求,1
乞討,1
乞憐,1
亡羊補牢,1
千瘡百孔,1
口吃,1
口臭,1
口齒不清,1
大小姐脾氣,1
大小便,1
大失,1
大失所望,1
大吃一驚,1
大吵大鬧,1
大吼,1
大言不慚,1
大便,1
大怒,1
大胖子,1
大哭,1
大破壞,1
大屠殺,1
大敗,1
大笨蛋,1
大惑,1
大惑不解,1
大悲,1
大發雷霆,1
大亂,1
大塊呆,1
大誇,1
大罵,1
大鬧,1
大噪,1
大膽,1
大爛人,1
大驚,1
大驚小怪,1
大驚失色,1
小人,1
小心眼,1
小便,1
小孩沒屁眼,1
小家子氣,1
小時了了,1
小氣,1
小眼睛,1
小提大做,1
小鼻子,1
小器,1
小題大作,1
干戈,1
干休,1
干政,1
干擾,1
才怪,1
才疏學淺,1
不了,1
不下,1
不予,1
不予置評,1
不仁,1
不公,1
不公平,1
不切,1
不切實際,1
不以,1
不以為然,1
不出,1
不可,1
不可一世,1
不可收拾,1
不可理喻,1
不可愛,1
不可諱言,1
不平,1
不平衡,1
不正,1
不甘,1
不甘不願,1
不甘心,1
不甘示弱,1
不甘寂寞,1
不甩,1
不好,1
不好意思,1
不如,1
不如人意,1
不安,1
不成,1
不利,1
不孝,1
不快,1
不快樂,1
不肖,1
不良,1
不足,1
不足為奇,1
不佳,1
不到,1
不受,1
不受尊重,1
不和,1
不定,1
不幸,1
不忿,1
不怕死,1
不明不白,1
不知,1
不知去向,1
不知所云,1
不知所措,1
不近,1
不近情理,1
不長,1
不長眼睛,1
不長進,1
不便,1
不是,1
不是人,1
不是省油的燈,1
不畏,1
不耐,1
不耐煩,1
不要,1
不要命,1
不要臉,1
不值,1
不倫不類,1
不屑,1
不屑於,1
不恥,1
不悅,1
不起,1
不起眼,1
不配,1
不務,1
不務正業,1
不得,1
不得已,1
不清,1
不爽,1
不理,1
不祥,1
不勞,1
不勞而獲,1
不喜歡,1
不尊重,1
不就,1
不敢苟同,1
不智,1
不著,1
不雅觀,1
不順眼,1
不會,1
不經,1
不經心,1
不置可否,1
不義,1
不道德,1
不像,1
不像話,1
不寧,1
不實,1
不對,1
不對勁,1
不彰,1
不滿,1
不管三七二十一,1
不衛生,1
不學無術,1
不擇,1
不擇手段,1
不應該,1
不懂,1
不檢,1
不講信用,1
不懷,1
不懷好意,1
不懼,1
不顧,1
不顧一切,1
不歡而散,1
不羈,1
中邪,1
中毒,1
中飽私囊,1
之仇,1
之恨,1
之恥,1
之嫌,1
予取予求,1
互吵,1
五味雜陳,1
什麼世界,1
什麼東西,1
什麼態度,1
什麼德性,1
仇外,1
仇外情節,1
仇佛蔑僧,1
仇恨,1
仇視,1
介意,1
內疚,1
內阻,1
內訌,1
內鬥,1
內哄,1
六神無主,1
六親不認,1
冗長,1
冗雜,1
凶什麼,1
凶多吉少,1
凶悍,1
兇猛,1
凶險,1
分化,1
分崩離析,1
分裂,1
分贓,1
勾引,1
勾引到,1
勾結,1
勾搭,1
化石,1
反目,1
反其道而行,1
反叛,1
反胃,1
反悔,1
反感,1
反駁,1
反彈,1
反諷,1
反覆無常,1
天下大亂,1
天殺,1
天殺的,1
太閒,1
夭折,1
夭壽,1
少惹,1
少惹我,1
少煩,1
少煩我,1
巴結,1
引咎,1
引頸企盼,1
心力交疲,1
心不甘情不願,1
心生畏懼,1
心如刀割,1
心有餘悸,1
心死,1
心灰意冷,1
心急,1
心急如焚,1
心狠手辣,1
心疼,1
心神不定,1
心神不寧,1
心胸狹窄,1
心胸狹隘,1
心高氣傲,1
心情不好,1
心情惡劣,1
心軟,1
心寒,1
心痛,1
心虛,1
心煩,1
心煩意亂,1
心碎,1
心酸,1
心機,1
心機很重,1
心臟受不了,1
心驚肉跳,1
心驚膽戰,1
戶斥,1
日本鬼子,1
欠打,1
欠佳,1
欠你的,1
欠扁,1
欠揍,1
欠干,1
欠罵,1
毛坑,1
毛骨悚然,1
毛躁,1
水火不容,1
火大,1
火冒三丈,1
火爆,1
牙癢癢,1
牛頭不對馬嘴,1
王八羔子,1
王八蛋,1
世故,1
世儈,1
乏人,1
乏人問津,1
乏味,1
乏善,1
乏善可陳,1
以牙還牙,1
以怨,1
以怨報怨,1
以怨報德,1
以退為進,1
以偏概全,1
以商逼政,1
以訛傳訛,1
以貌取人,1
他奶奶,1
他奶奶的,1
他馬,1
他馬的,1
他媽,1
他媽的,1
他媽媽,1
仗著,1
令人厭惡,1
凹種,1
出軌,1
出氣,1
出爾反爾,1
出賣,1
出賣身體,1
出錯,1
出糗,1
加油添醋,1
功利,1
功敗垂成,1
功虧一簣,1
包庇,1
半死,1
半途而廢,1
佔去,1
佔用,1
佔領,1
佔據,1
去去去,1
去死,1
去死吧,1
去死啦,1
去你,1
去你的,1
去你媽,1
去你媽的,1
去搞,1
可怖,1
可怕,1
可恨,1
可恥,1
可笑,1
可惜,1
可望,1
可惡,1
可悲,1
可歎,1
可疑,1
可憐,1
可歎,1
古板,1
叫屁,1
叫屈,1
叫苦,1
叫嚷,1
叫囂,1
台獨,1
台灣之恥,1
囚禁,1
失手,1
失去,1
失色,1
失血,1
失利,1
失序,1
失志,1
失身,1
失事,1
失和,1
失明,1
失盲,1
失信,1
失卻,1
失約,1
失效,1
失眠,1
失神,1
失笑,1
失密,1
失常,1
失控,1
失掉,1
失敗,1
失望,1
失焦,1
失意,1
失落,1
失態,1
失魂落魄,1
失戀,1
失怙,1
奴性,1
奴隸,1
左右為難,1
平庸,1
幼稚,1
必死,1
必死無疑,1
打一打,1
打人,1
打人喊救人,1
打死,1
打抱不平,1
打退,1
打退堂鼓,1
打高空,1
打罵,1
打壓,1
打擊,1
打擾,1
打爛,1
打攪,1
斥責,1
斥罵,1
本末倒置,1
未雨綢繆,1
未遂,1
永訣,1
永遠都不要看到你,1
氾濫,1
犯愁,1
犯賤,1
玉石俱焚,1
瓜田李下,1
瓜田李下之嫌,1
甘你屁事,1
生怕,1
生恨,1
生厭,1
生懼,1
生變,1
用心良苦,1
甩了,1
甩不甩,1
甩不掉,1
甩得,1
甩得一乾二淨,1
甩掉,1
甩都不甩,1
甩都甩不掉,1
由不得,1
由他去,1
由愛生恨,1
申明,1
申述,1
申訴,1
白目,1
白吃,1
白受氣,1
白搞,1
白癡,1
白癡,1
白爛,1
皮條客,1
目中無人,1
目光短淺,1
矛盾,1
示眾,1
丟臉,1
任性,1
凶巴巴,1
兇惡,1
凶暴,1
劣根,1
劣根性,1
危機,1
吐一口痰,1
吐痰,1
吃不下,1
吃屎,1
吃飽太閒,1
吃飽閒閒,1
吃飽撐著,1
因魂不散,1
地獄,1
在那邊混,1
奸男女,1
奸偽,1
姦情,1
好不,1
好不應該,1
好死不死,1
好自為之,1
好恨,1
好假,1
好嘔,1
好屌,1
存心,1
安然無恙,1
安慰,1
安慰安慰,1
安撫,1
安靜下來,1
尖叫,1
尖酸,1
有口無心,1
有什麼了不起,1
有仇,1
有出息,1
有好有壞,1
有屁用,1
有個屁用,1
有氣,1
有問題,1
有夠,1
有夠累,1
有夠蠢,1
有得瞧,1
有意,1
有愧,1
有資格,1
有種,1
有點火,1
有礙,1
有礙觀瞻,1
有啥,1
有啥了不起,1
死了,1
死了算了,1
死人,1
死三八,1
死小鬼,1
死不,1
死不認帳,1
死不瞑目,1
死心,1
死皮賴臉,1
死光,1
死光光,1
死刑,1
死老太婆,1
死老百姓,1
死老頭,1
死色呸,1
死命,1
死東西,1
死板,1
死狗,1
死肥豬,1
死活,1
死玻璃,1
死胖女,1
死胖子,1
死要面子,1
死氣沈沈,1
死臭酸,1
死蚊子,1
死鬼,1
死寂,1
死得很難看,1
死得難看,1
死掉,1
死魚,1
死魚臉,1
死傢伙,1
死期,1
死黑店,1
死愛,1
死愛面子,1
死愛滋,1
死腦筋,1
死裡逃生,1
死德性,1
死樣子,1
死豬頭,1
死澳門仔,1
死貓,1
死賴,1
死薪水,1
死蟑螂,1
死纏,1
死纏活纏,1
死囡仔,1
死屌,1
污染,1
污辱,1
污蔑,1
污穢,1
污蔑,1
灰心,1
老二,1
老大,1
老子,1
老不休,1
老奸巨猾,1
老死,1
老到,1
老油條,1
老是,1
老娘,1
老氣橫秋,1
老猴,1
老態龍鍾,1
老練,1
老謀深算,1
肉麻,1
肉腳,1
自大,1
自以為,1
自以為了不起,1
自以為是,1
自以為清高,1
自甘墮落,1
自由心證,1
自危,1
自作,1
自作主張,1
自作多情,1
自作聰明,1
自求,1
自求多福,1
自私,1
自私到極點,1
自卑,1
自命,1
自命為,1
自命清高,1
自怨,1
自怨自艾,1
自相矛盾,1
自相殘殺,1
自食惡果,1
自掃門前雪,1
自棄,1
自殺,1
自責,1
自閉,1
自欺,1
自誇,1
自滿,1
自認,1
自認為,1
自慰,1
自憐,1
自暴自棄,1
自縛,1
自詡,1
自詡為,1
舌頭斷掉,1
色狼,1
行為不檢,1
住監獄,1
何不,1
何必,1
何妨,1
何苦,1
何苦來哉,1
何嘗,1
佔便宜,1
佔著,1
佔著毛坑不拉屎,1
但願,1
作奸犯科,1
作秀,1
作怪,1
作假,1
作梗,1
作賊,1
作賊喊捉賊,1
作嘔,1
作夢,1
作弊,1
作樂,1
作孽,1
你以為自己,1
你以為你是誰,1
你他媽,1
你他媽的,1
你他媽媽的,1
你去死,1
你完了,1
你是怎樣,1
你是怎樣啊,1
你就完了,1
你媽,1
你媽的,1
你管我,1
低下,1
低劣,1
低吼,1
低沈,1
低沉,1
低姿態,1
低哼,1
低哦,1
低級,1
低迷,1
低等,1
低落,1
低潮,1
低聲下氣,1
克制,1
免談,1
冷冰冰,1
冷汗,1
冷血,1
冷冷,1
冷峻,1
冷笑,1
冷淡,1
冷眼,1
冷眼旁觀,1
冷然,1
冷落,1
冷漠,1
冷戰,1
冷靜,1
冷靜下來,1
別來惹我,1
別來煩我,1
別離,1
利用,1
利用人,1
利用別人,1
利用我們,1
利益輸送,1
吝嗇,1
呆呆,1
呆板,1
呆滯,1
吹牛,1
吵人,1
吵死,1
吵別人,1
吵吵鬧鬧,1
吵到,1
吵的像什麼鬼一樣,1
吵架,1
吵起來,1
吵嘴,1
吵鬧,1
吵翻天,1
吶喊,1
吠盡,1
吼叫,1
吼道,1
含恨,1
含恨在心,1
含糊,1
困在,1
困死,1
困惑,1
困頓,1
困擾,1
困難,1
困難重重,1
妒忌,1
妒恨,1
妓女,1
完了,1
完蛋,1
屁用,1
屁事,1
屁股,1
屁啦,1
屁眼,1
屁話,1
巫婆,1
庇護,1
忘不了,1
忘恩負義,1
忌妒,1
忍下來,1
忍心,1
忍受,1
忍受不了,1
忍耐,1
忍氣吞聲,1
忍痛,1
快滾,1
戒懼,1
我好恨,1
我咧,1
我咧看,1
我恨你,1
我靠,1
我操,1
我操你媽,1
抄你爸,1
扭捏作態,1
把你打死,1
找麻煩,1
找誰幹啊,1
找碴,1
批臭,1
批鬥,1
批發,1
批評,1
批評別人,1
批評為,1
批駁,1
扯懶蛋,1
折磨,1
投敵,1
投機,1
抓來,1
抓來打一打,1
抑鬱,1
改變不了,1
改變成,1
改變改變,1
攻擊,1
更嘔,1
更賤,1
束手無策,1
束縛,1
求助,1
求求,1
求情,1
求救,1
求教,1
求解,1
沈重,1
沈浸,1
沈寂,1
沈淪,1
沈悶,1
沈溺,1
沈默,1
沈默不語,1
沈鬱,1
沉重,1
沉寂,1
沉淪,1
沉陷,1
沉悶,1
沉溺,1
沉默,1
沉鬱,1
沒大沒小,1
沒才華,1
沒天理,1
沒手,1
沒手沒腳,1
沒水準,1
沒出息,1
沒去,1
沒去理會,1
沒用,1
沒用的傢伙,1
沒好氣,1
沒有,1
沒有用,1
沒有能力,1
沒完沒了,1
沒屁眼,1
沒把握,1
沒事,1
沒事做,1
沒來由,1
沒法,1
沒法子,1
沒法兒,1
沒勁,1
沒品,1
沒品德,1
沒效,1
沒能,1
沒能力,1
沒動逃,1
沒得,1
沒得說,1
沒救,1
沒救了,1
沒教養,1
沒意思,1
沒想,1
沒想到,1
沒腳,1
沒腦袋,1
沒道理,1
沒種,1
沒精,1
沒精打采,1
沒精打彩,1
沒轍,1
沒衛生,1
沒辦法,1
沒關係,1
狂怒,1
狂傲,1
男盜女娼,1
私心,1
秀逗,1
禿頭,1
肘掖生變,1
肚量小,1
肚爛,1
良心被狗吃,1
見死不救,1
言不及義,1
貝戈戈,1
貝戈哥,1
貝哥哥,1
走人,1
走下坡,1
走狗,1
走著瞧,1
走開,1
走開啦,1
那裡惹到你,1
那麼沒用,1
那麼干,1
那麼爛,1
乖張,1
兩難,1
其反,1
刻板,1
刻苦,1
刺激,1
卒仔,1
卒仔臉,1
卑劣,1
卑微,1
卑鄙,1
卑賤,1
受不了,1
受氣,1
咒死,1
咒罵,1
固執,1
垃圾,1
始作俑者,1
你她媽,1
孤行,1
孤寂,1
孤僻,1
官逼民反,1
居然,1
怪人,1
怪力亂神,1
怪物,1
怕死,1
承受,1
拉出,1
拉出來,1
拉屎,1
抹黑,1
抹煞,1
招搖撞騙,1
拋棄,1
抨擊,1
拍拍屁股找不著人,1
拍拍屁股走人,1
拍馬屁,1
抱怨,1
抱歉,1
拘謹,1
拖累,1
拗客,1
拆橋,1
拎背,1
放一個屁,1
放屁,1
放狗,1
放狗咬我啊,1
東西,1
東洋鬼子,1
東罵西罵,1
歧視,1
爭氣點,1
狗屁不通,1
狗男女,1
狗眼,1
狗眼看人低,1
狗嘴,1
狗嘴吐不出象牙,1
狗雜碎,1
玩人家,1
盲目,1
肥胖,1
芭樂問題,1
花容失色,1
花癡,1
金玉其外敗絮其中,1
長的醜,1
長的醜並不是你的錯,1
長痔瘡,1
侵佔,1
保守,1
俗辣,1
侮辱,1
冒冷汗,1
冠冕堂皇,1
勉強,1
厚利可圖,1
厚臉,1
厚臉皮,1
厚顏薄恥,1
哀怨,1
哀戚,1
哀痛,1
哀歎,1
哇咧,1
哇哩,1
哇哩咧,1
哇勒塞你娘,1
哇靠,1
哈巴狗,1
姦淫,1
威脅,1
屍體,1
度爛,1
很氣,1
很臭,1
很混,1
很醜,1
很爛,1
很蠢,1
很屌,1
後悔,1
怒火,1
怒髮衝冠,1
怎麼混,1
怎麼混的,1
怎麼這樣,1
怎麼搞,1
怎麼搞的,1
怎樣,1
怨天尤人,1
怨命,1
怨恨,1
怨憤,1
恨死,1
恨死你,1
恨你,1
恨的牙癢癢,1
恨得牙癢癢,1
恨極,1
扁一扁,1
扁你,1
扁到你說不出話,1
拜託,1
拜託,1
指控,1
挑剔,1
挑撥是非,1
挑撥離間,1
挑釁,1
政變,1
是我的錯嗎,1
是非不分,1
是怎樣,1
毒手,1
毒打,1
毒打一頓,1
洋鬼子,1
流氓,1
流眼淚,1
活該,1
洩恨,1
為什麼還,1
為恥,1
為富不仁,1
為禍,1
狠心,1
狠打,1
狠命,1
狠很,1
狠毒,1
狠罵,1
狡詐,1
狡滑,1
狡猾,1
狡詰,1
狡辯,1
玷污,1
畏懼,1
看了就有氣,1
看不起,1
看不過去,1
看不慣,1
看你娘卡好,1
砍下,1
砍死,1
砍掉,1
砍落,1
砍頭,1
砍斷,1
耍小姐脾氣,1
耍什麼狠,1
耍心機,1
耍色,1
耍我,1
耍狠,1
耍起狠,1
耍脾氣,1
耍賤,1
耍賤招,1
胖子,1
背叛,1
胡作非為,1
胡吹,1
胡扯,1
胡言亂語,1
胡來,1
胡思亂想,1
胡亂,1
胡亂搞,1
胡幹,1
胡搞,1
胡說,1
胡說八道,1
胡鬧,1
胡謅,1
致人死命,1
苦大仇深,1
苦心,1
苦悶,1
苦惱,1
苦臉,1
苟且偷安,1
要死要活,1
要被當了,1
要飯,1
要飯的,1
計較,1
負心,1
軍閥,1
迫不,1
迫不得已,1
迫害,1
風流,1
風涼,1
風涼話,1
食古不化,1
食言而肥,1
倚老賣老,1
倒底要怎樣,1
倒楣,1
倒置,1
俱焚,1
冤孽,1
凌虐,1
凌辱,1
凌遲,1
剝削,1
剝奪,1
匪諜,1
匪類,1
哼！,1
哭,1
哭夭,1
哭夭個屁,1
哭妖,1
哭泣,1
哭爸,1
哭媽,1
唉呀,1
唉唷,1
唉喲,1
唉聲歎氣,1
哽咽,1
埋怨,1
害人,1
害怕,1
家破人亡,1
差勁,1
恥笑,1
恐布,1
恐布份子,1
恐怖,1
恐怕,1
恐慌,1
恐嚇,1
恐懼,1
悔恨,1
拳打,1
拳打腳踢,1
挾怨,1
捏造,1
捉賊,1
挫傷,1
挫賽,1
挨打,1
根本不是我,1
根本就,1
氣死,1
氣死ㄌ,1
氣死了,1
氣死人,1
氣死我了,1
氣沖沖,1
氣呼呼,1
氣昏,1
氣的半死,1
氣咻咻,1
氣急敗壞,1
氣哼哼,1
氣得,1
氣惱,1
氣絕身亡,1
氣瘋,1
氣憤填膺,1
氣餒,1
氣壞,1
浪費,1
浪費時間,1
消失,1
烙跑,1
烏煙瘴氣,1
狼心狗肺,1
狼狽為奸,1
狹窄,1
狹隘,1
畜生,1
病態,1
病魔,1
疲累,1
真他x的雖,1
真他ㄇㄉ,1
真他ㄉ濫,1
真他媽,1
真他媽的,1
真他媽賤,1
真是夠了,1
真是爛,1
真是蠢,1
真氣,1
真給他,1
真干,1
真爛,1
真蠢,1
破口,1
破口大罵,1
破麻,1
破銅爛鐵,1
破機八,1
破壞,1
破壞心情,1
破壞我的心情,1
神經病,1
笑裡藏刀,1
粉無聊,1
粉屌,1
紙老虎,1
缺德,1
臭功夫,1
臭老師,1
臭老猴,1
臭老頭,1
臭你老師咧,1
臭屁,1
臭男人,1
臭味,1
臭狗,1
臭青蛙,1
臭美,1
臭娘們,1
臭蚊子,1
臭話,1
臭酸,1
臭銅錢,1
臭德性,1
臭臉,1
荒唐,1
荒誕,1
荒謬,1
草率,1
草菅,1
草菅人命,1
衰老,1
衰弱,1
記仇,1
討人嫌,1
討人厭,1
討嫌,1
討厭,1
討厭鬼,1
討價還價,1
辱罵,1
迷信,1
退縮,1
逃不過,1
逃之夭夭,1
逃生,1
逃避,1
逃避責任,1
追殺,1
閃人,1
閃邊,1
除害,1
除掉,1
馬屁,1
馬屁話,1
馬的,1
馬的咧,1
馬的逼,1
高不成,1
高不成低不就,1
高傲,1
鬥不過,1
鬥爭,1
斗臭,1
鬥起來,1
鬼子,1
鬼天氣,1
鬼叫,1
鬼東西,1
鬼玩意,1
鬼鬼祟祟,1
乾陰陽,1
偽人,1
偽人之心,1
偽君子,1
偽造,1
偽善,1
偽裝,1
假仁假義,1
假公濟私,1
假心假意,1
假手,1
假正經,1
假惺惺,1
假道學,1
做人情,1
做死做活,1
做作,1
做秀,1
做錯,1
做壞,1
做壞事,1
偷人,1
偷工減料,1
偷罵,1
偷懶,1
偏心,1
偏差,1
偏執,1
偏頗,1
偏激,1
動干戈,1
動不動,1
動不動就發脾氣,1
動手,1
動怒,1
動粗,1
唱反調,1
唱衰,1
問題,1
唯恐,1
唯恐不及,1
唯恐天下不亂,1
啜泣,1
國仇家恨,1
基賣,1
夠了,1
夠了沒,1
夠不爽,1
奢侈,1
娼妓,1
婊子,1
寂寞,1
專制,1
專權,1
屠殺,1
帶衰,1
帶塞,1
帶賽,1
庸俗,1
強迫,1
強詞奪理,1
強暴,1
得罪,1
從中作梗,1
患得患失,1
惋惜,1
淒慘,1
情何以堪,1
悻悻,1
惆悵,1
掉淚,1
救我,1
教得爛,1
敗家,1
敗家女,1
敗家子,1
敗絮,1
敗類,1
欲哭無淚,1
欲嘔,1
殺千刀,1
殺死,1
淌混水,1
清寒,1
混日,1
混兄弟,1
混吃混住,1
混吃混喝,1
混吃等死,1
混江湖,1
混流氓,1
混淆,1
混淆國際視聽,1
混球,1
混蛋,1
淒然,1
淒慘,1
淚下,1
淚如雨下,1
淚流,1
淚流滿面,1
淚動,1
淫污,1
淫蕩,1
淫蕩樣,1
深仇大恨,1
深恨,1
牽掛,1
牽腸掛肚,1
猖狂,1
猖獗,1
猙獰,1
理不直不壯,1
現世報,1
現實,1
異想天開,1
痔瘡,1
眼淚,1
眼睛狗到蛤仔肉,1
眼睛瞎調,1
笨蛋,1
笨豬,1
粗心,1
粗俗,1
粗話,1
粗暴,1
粗魯,1
羞怯,1
羞怯怯,1
羞於,1
羞恥,1
羞羞羞,1
羞赧,1
羞愧,1
羞澀,1
莫名,1
莫名其妙,1
莫明,1
莫明奇妙,1
莫能,1
處罰,1
被打,1
被利用,1
被狗吃,1
被干走,1
被當,1
被雷打死,1
被騙,1
袖手旁觀,1
規避,1
訝異,1
訝然,1
責怪,1
責問,1
責備,1
責罵,1
責難,1
貪污,1
貪念,1
這麼爛,1
連屁都不如,1
逞強,1
造反,1
造假,1
造謠,1
野心,1
陰沈,1
陰謀,1
陷害,1
雪特,1
竟敢,1
竟然,1
竟然一直給我,1
魚目混珠,1
鳥不拉機,1
鳥東西,1
鳥屎,1
鳥話,1
鳥態度,1
鳥樣,1
麻煩,1
傢伙,1
最恨,1
最糟的是,1
最屌,1
最跩,1
啼哭,1
喪氣,1
單挑,1
唾棄,1
圍毆,1
堪慮,1
報仇,1
報復,1
報歉,1
報憂,1
報應,1
尋仇,1
復仇,1
惡劣,1
惡有惡報,1
惡作劇,1
惡言,1
惡言相向,1
惡果,1
惡毒,1
惡狠,1
惡狠很,1
惡貫滿盈,1
惡報,1
惡棍,1
惡勢力,1
惡搞,1
惡夢,1
惡質,1
惡臉,1
惡臉相向,1
悲哀,1
悲苦,1
悲情,1
悲涼,1
悲痛,1
悲痛欲絕,1
悲傷,1
悲愁,1
悲歎,1
悲慘,1
悲憤,1
悲觸,1
悲觀,1
悶悶,1
悶著,1
慨然,1
慨歎,1
惱人,1
惱火,1
惱怒,1
惶急,1
惶恐,1
惶惶,1
揍一頓,1
提心吊膽,1
提心吊膽,1
揮淚,1
援交,1
敢死你,1
敢騙,1
敢騙我,1
敢喵,1
敢喵我,1
散漫,1
智障,1
欺侮,1
欺負,1
欺凌,1
欺瞞,1
欺壓,1
欺騙,1
殘忍,1
殘殺,1
殘酷,1
殘暴,1
湊什麼熱鬧,1
焦急,1
焦慮,1
焦躁,1
無人,1
無力,1
無可奈何,1
無奈,1
無法,1
無法挽回,1
無知,1
無恙,1
無恥,1
無恥謂之賤,1
無能,1
無情,1
無理取鬧,1
無聊,1
無聊人做無聊事,1
無聊死了,1
無聊斃,1
無語,1
無語問蒼天,1
無德,1
無賴,1
犀利,1
猥褻,1
痛心,1
痛心疾首,1
痛恨,1
痛苦,1
痛哭,1
痛哭流涕,1
發抖,1
發洩,1
發酒瘋,1
發軟,1
發麻,1
發脾氣,1
短淺,1
稀罕,1
等著看,1
等著瞧,1
結怨連仇,1
絕不,1
絕不原諒你,1
絕望,1
絕對不會原諒你,1
給你們好看,1
給我小心點,1
給我死,1
給我注意一點,1
給我注意點,1
善罷干休,1
善變,1
脾氣,1
華而不實,1
菜鳥,1
虛弱,1
虛偽,1
詛咒,1
貶低,1
越氣,1
越想越氣,1
超討厭,1
趁火打劫,1
趁亂搶劫,1
進退兩難,1
進退維谷,1
閒閒,1
閒閒沒事,1
閒閒沒事做,1
飲泣,1
飲恨,1
黑店,1
黑道,1
亂七八糟,1
亂叫,1
亂吃,1
亂吃豆腐,1
亂吹牛,1
亂吠,1
亂吼,1
亂屁,1
亂批評,1
亂批評別人,1
亂扯,1
亂砍,1
亂殺,1
亂搞,1
亂蓋,1
亂說,1
亂說話,1
亂罵,1
亂罵人,1
亂講,1
亂竄,1
亂辯,1
亂謅,1
傲脾氣,1
傲慢,1
傷心,1
傷心死了,1
傷害,1
傷悲,1
傷痛欲絕,1
傷感,1
傷感情,1
傻子,1
剽竊,1
嗟歎,1
嗤之以鼻,1
嗚咽,1
嗚哩哩,1
嗚嗚咽咽,1
嗆聲,1
塞人,1
塞八,1
塞你娘雞吧,1
塞你祖馬勒,1
塞到,1
塞拎娘,1
塞哩幾摳碗粿,1
嫉妒,1
嫉羨,1
嫌東嫌西,1
嫌棄,1
嫌貧,1
嫌貧愛富,1
嫌惡,1
媽ㄉ,1
媽的,1
干！,1
幹上,1
干他,1
干你,1
干你老師,1
干你娘,1
干你娘老雞巴,1
干你娘老雞麥,1
干你桌來,1
干你祖宗十八代,1
干走,1
干裡娘操雞麥,1
干到最高點,1
干你,1
干你全家,1
幹的好事,1
乾娘,1
干麻,1
干瞧,1
干礁,1
乾聲連連,1
干譙,1
干醮,1
干屄,1
干恁,1
干恁老老雞掰,1
干恁娘,1
徬徨,1
愚弄,1
愚昧,1
愚癡,1
愚蠢,1
意亂,1
感慨,1
感傷,1
感歎,1
感覺不到,1
愛吃,1
愛面子,1
愛莫能助,1
惹人厭,1
惹上,1
惹毛,1
惹到,1
惹到你,1
惹的禍,1
惹禍,1
愁眉,1
愁眉苦臉,1
愁苦,1
慌亂,1
慌慌張張,1
愴然,1
愧疚,1
愧對,1
搞了再說,1
搞了鬼,1
搞下去,1
搞小動作,1
搞小圈圈,1
搞不懂,1
搞什麼,1
搞什麼名堂,1
搞什麼玩意,1
搞什麼飛機,1
搞什麼鬼,1
搞公關,1
搞分裂,1
搞台獨,1
搞屁,1
搞屁啊,1
搞投機,1
搞性,1
搞的鬼,1
搞封建,1
搞政治,1
搞政變,1
搞飛機,1
搞迷信,1
搞鬥爭,1
搞鬼,1
搞婦運,1
搞得,1
搞得一團亂,1
搞統一,1
搞這一套,1
搞陰謀,1
搞援交,1
搞階級鬥爭,1
搞亂,1
搞新聞,1
搞違建,1
搞獨立,1
搞錢,1
搞關係,1
搞啥鬼,1
搪塞,1
搪塞過去,1
搏鬥,1
搶奪,1
搖尾乞憐,1
搗蛋,1
敬陪末座,1
新仇舊恨,1
暗殺,1
極端,1
楞住,1
歇斯底里,1
毀容,1
譭謗,1
滅亡,1
滅口,1
滅絕,1
溘逝,1
煩心,1
煩死,1
煩死了,1
煩悶,1
煩惱,1
煩躁,1
煞費,1
煞費苦心,1
獅子大開口,1
瑟縮,1
當不了,1
當不起,1
當頭棒喝,1
畸型,1
碰壁,1
萬劫不復,1
經不起,1
經受不起,1
置之不理,1
罪惡,1
義憤填膺,1
羨慕,1
群魔亂舞,1
肆行,1
肆無忌憚,1
腳踢,1
腦滿腸肥,1
落伍,1
落空,1
落荒而逃,1
落淚,1
落寞,1
落魄,1
落選,1
葬身,1
裝可憐,1
裝死,1
裝肖唯,1
裝屎,1
裝模做樣,1
該死,1
該死的,1
詭不詭異,1
詭異,1
躲避,1
較勁,1
較量,1
運氣好,1
遊街,1
遊街示眾,1
道歉,1
逼人,1
逼上梁山,1
逼不得已,1
逼死,1
逼走,1
逼使,1
逼供,1
逼政,1
逼迫,1
逼退,1
逼退回,1
逼問,1
逼視,1
逼繳,1
違反,1
違抗,1
違拗,1
違建,1
違約,1
違背,1
違悖,1
違規,1
違章,1
違章式,1
違禁,1
遇刺,1
遏止,1
過不去,1
過分,1
過少,1
過世,1
過份,1
過河拆橋,1
過得去,1
過意,1
過意不去,1
過節,1
遍尋,1
鉗制,1
隔絕,1
隔絕掉,1
隔開,1
隕落,1
雷霹,1
頑抗,1
頑固,1
像哈巴狗一樣,1
匱乏,1
厭倦,1
厭惡,1
厭煩,1
嘀咕,1
嘔吐,1
嘔氣,1
歎息,1
歎氣,1
對不起,1
對付,1
對付不了,1
對立,1
弊端,1
彆扭,1
慚不慚愧,1
慚愧,1
慘不忍睹,1
慘死,1
慘烈,1
慘敗,1
慘痛,1
慘絕人寰,1
慘綠,1
慵懶,1
摸不清,1
槓上,1
槍斃,1
滾回去,1
滾蛋,1
滾遠,1
漠不,1
漠不關心,1
漠然,1
漠視,1
漏氣,1
漢奸,1
滿腹疑雲,1
滿臉橫肉,1
滿臉爛肉,1
煽風點火,1
疑心,1
疑心病,1
疑忌,1
疑神疑鬼,1
疑問,1
疑惑,1
疑雲,1
疑慮,1
疑懼,1
瘋子,1
監獄,1
睡不著,1
禍延,1
禍害,1
禍國殃民,1
窩囊,1
管你去死,1
管我,1
算了,1
算你厲害,1
算啥,1
精疲力竭,1
精神分裂,1
緊張,1
腐朽,1
舔鳥蛋,1
蒙冤,1
蒙羞,1
認命,1
誤人,1
誤人子弟,1
說打就打,1
說粗話,1
說鳥話,1
說話不算話,1
說夢,1
說謊,1
誘拐,1
誘拐走,1
誘騙,1
趕快消失,1
趕這樣說,1
趕盡殺絕,1
輕率,1
輕視,1
輕蔑,1
輕薄,1
遠點,1
遜色,1
鄙視,1
駁斥,1
骯髒,1
僵持,1
僵持不下,1
厲聲,1
嘮叨,1
嘮裡嘮叨,1
嘮嘮叨叨,1
嘲弄,1
嘲笑,1
嘲諷,1
嘴巴放乾淨一點,1
嘴巴爛掉,1
增惡,1
墮落,1
廢物,1
廢話,1
憂心,1
憂心忡忡,1
憂國憂民,1
憂悶,1
憂傷,1
憂愁,1
憂慮,1
憂懼,1
憂鬱,1
憎恨,1
憎惡,1
憤而,1
憤怒,1
憤然,1
憤憤,1
憤憤不平,1
憤憤然,1
憤激,1
憤懣,1
憔悴,1
摩擦,1
撞死,1
撞牆,1
撐著,1
撕破,1
撕破臉,1
敵視,1
敵對,1
暮氣沉沉,1
暴力,1
暴戾,1
暴戾之氣,1
暴客,1
暴發,1
暴發出,1
暴發出來,1
暴敵,1
潑冷水,1
潦倒,1
潸然淚下,1
瘦削,1
瞎了狗眼,1
瞎了眼,1
瞎扯,1
瞎眼,1
嗔怒,1
碼的,1
窮途末路,1
罵一頓,1
罵人,1
罵他,1
罵他神經病,1
罵出,1
罵出來,1
罵得狗血淋頭,1
罵得很慘,1
罵粗話,1
罵髒話,1
罷了,1
罷黜,1
膚淺,1
蔑視,1
沖三小,1
沖天罵娘,1
衝突,1
衝動,1
談不攏,1
誰死誰亡,1
誰來救救我,1
誹謗,1
豬八戒,1
豬母,1
豬狗,1
豬狗不如,1
豬哥,1
豬就是豬,1
豬頭,1
賤人,1
賤女人,1
賤男人,1
賤命,1
賤命一條,1
賤招,1
賤貨,1
賤種,1
賭氣,1
賣國,1
質問,1
適得其反,1
遭殃,1
遷怒,1
醉醺醺,1
震怒,1
酶爛,1
靠,1
靠不住,1
靠夭,1
靠北,1
靠母,1
靠啊,1
靠腰,1
養不起,1
養傷,1
餓死,1
餓死光,1
餓昏,1
餓饉,1
駛你母,1
鬧大,1
鬧事,1
鬧法庭,1
鬧哄哄,1
鬧革命,1
鬧鬼,1
鬧得不可開交,1
鬧得不愉快,1
鬧情緒,1
鬧彆扭,1
鬧僵,1
鬧翻,1
冀望,1
凝重,1
噪音,1
器焰囂張,1
學不來,1
學壞,1
憑什麼,1
憾恨,1
懊悔,1
懊惱,1
懈怠,1
戰敗,1
戰慄,1
戰戰兢兢,1
擅自,1
操心,1
操你,1
操你母,1
操你的,1
操你媽,1
操你個鬼,1
擔心,1
擔憂,1
整死,1
整垮,1
橫刀奪愛,1
橫肉,1
橫行,1
橫行霸道,1
機八,1
機八毛,1
機八事,1
機車,1
機歪,1
機買,1
機機歪歪,1
激怒,1
激動,1
激進,1
激憤,1
獨裁,1
獨斷,1
興歎,1
諱言,1
謀殺,1
諷刺,1
踹開,1
輸家,1
遲鈍,1
遲緩,1
遺憾,1
錯的是你,1
錯亂,1
錐心,1
隨你便,1
隨便,1
險惡,1
頭皮發麻,1
頭殼壞去,1
頭殼壞掉,1
頭痛,1
頹喪,1
默默,1
默默承受,1
嚇一跳,1
嚇了一跳,1
嚇到,1
嚇壞,1
壓抑,1
壓抑住,1
壓制,1
尷尬,1
懂個屁,1
懦弱,1
斃了,1
斃了他,1
斃了你,1
濫打,1
濫打人,1
濫用,1
濫用職權,1
濫老師,1
濫挖,1
濫砍,1
濫捕,1
濫葬,1
燦怒囂憎,1
牆頭草兩邊倒,1
瞧不起,1
糞尿,1
糟糕,1
縫你嘴巴,1
總行了吧,1
膽小,1
膽怯,1
膽戰心驚,1
虧死,1
虧死了,1
虧馬子,1
覬覦,1
謊言,1
賽人,1
賽人樣,1
賽你娘,1
賽林良,1
避重就輕,1
還不夠亂嗎,1
還想怎樣,1
還會做什麼,1
醜八怪,1
丑不拉嘰,1
醜死,1
醜死了,1
醜男,1
醜惡,1
醜聞,1
醜醜,1
醜醜的,1
斷掉,1
藏刀,1
藉口,1
離我遠一點,1
雜碎,1
雞八,1
雞巴,1
雞巴毛,1
雞屎肚,1
雞歪,1
鬆散,1
壞心,1
壞心腸,1
壞水,1
壞去,1
壞孩子,1
壞掉,1
壞蛋,1
壟斷,1
懷疑,1
懶趴,1
懶得,1
懶得理你,1
懶惰,1
癡人,1
癡人說夢,1
礙手礙腳,1
礙眼,1
關他屁事,1
關我什麼事,1
關我辟事,1
難受,1
難為情,1
難看,1
難看死了,1
難過,1
顛倒是非,1
顛倒黑白,1
騙吃混喝,1
觸犯,1
觸怒,1
囂張,1
懼怕,1
爛人,1
爛上,1
爛上萬倍,1
爛女人,1
爛仗,1
爛污貨,1
爛老師,1
爛肉,1
爛車,1
爛到,1
爛到極點,1
爛到爆,1
爛校鳥系,1
爛掉,1
爛貨,1
爛傢伙,1
爛源,1
爛學校,1
爛戲,1
蠢人,1
蠢女,1
蠢牛,1
蠢呆,1
蠢男,1
蠢婦,1
蠢蛋,1
蠢斃,1
蠢舉,1
蠢翻,1
蠢翻了,1
蠢驢,1
囉唆,1
囉哩吧唆,1
驕弱,1
驕傲,1
髒唐爛漢,1
髒話,1
變相,1
變態,1
驚人,1
驚叫,1
驚呼,1
驚呼出來,1
驚恐,1
驚異,1
驚訝,1
驚愕,1
驚惶,1
驚慌,1
驚慄,1
驚跳,1
驚歎,1
驚歎,1
驚醒,1
驚險,1
驚嚇,1
驚擾,1
驚覺,1
讓人訐,1
讓你好看,1
讓你死,1
鑽牛角尖,1
鬱悶,1
鬱結,1
鬱鬱,1
肏你,1
剉小,1
屌ㄌ,1
屌什麼,1
屌屁,1
屌兒啷當,1
屌琅當,1
屌啥,1
淒婉,1
淒然,1
淒愴,1
孬種,1
啥玩意,1
揶揄,1
捶胸頓足,1
跩什麼,1
跩什麼鬼,1
跩什麼跩,1
跩屁,1
跩的二五八萬,1
跩個屁,1
骭林娘,1
噁心,1
噁心鬼,1
憋死,1
憋著,1
蹩腳,1
低能兒,1
