一帆風順,0
一帆風順的,0
一流,0
一致,0
一致的,0
了不起,0
了不起的,0
瞭解,0
人性,0
人性的,0
人格高尚,0
人格高尚的,0
人情,0
人情味,0
入神,0
入神的,0
入迷,0
入迷的,0
上好,0
上好的,0
上等,0
上等的,0
口頭通過,0
大方,0
大方的,0
大無畏,0
大無畏的,0
大量的,0
大膽,0
大膽的,0
小天使,0
小心,0
小心的,0
小心謹慎,0
小心謹慎的,0
工整,0
工整的,0
才氣,0
才能,0
才智,0
才幹,0
才藝,0
不凡,0
不凡的,0
不凡的人,0
不可名狀,0
不可名狀的,0
不可否認,0
不可否認的,0
不可侵犯,0
不可侵犯的,0
不可思議,0
不可思議的,0
不任性,0
不任性的,0
不成為問題,0
不成為問題的,0
不自私,0
不自私的,0
不含糊,0
不含糊的,0
不受約束,0
不受約束的,0
不屈不撓,0
不屈不撓的,0
不屈服,0
不屈服的,0
不拘泥,0
不拘泥的,0
不迫,0
不偏不倚,0
不偏不倚地,0
不偏不倚的,0
不動搖,0
不動搖的,0
不猶豫,0
不猶豫的,0
不慌忙,0
不慌忙的,0
不會弄錯,0
不會弄錯的,0
不會受傷害,0
不會受傷害的,0
不懈,0
中和,0
中肯,0
中肯的,0
井然有序,0
井然有序的,0
互助,0
互助的,0
互相密合著,0
互相密合著的,0
仁慈,0
仁慈的,0
允諾,0
內行,0
內行的,0
公平,0
公平地,0
公平的,0
公正,0
公正地,0
公正的,0
公開,0
公開的,0
分寸,0
切實,0
切實的,0
切題,0
切題的,0
勻稱,0
勻稱的,0
升起,0
友好,0
友好的,0
友善,0
友善的,0
友愛,0
友愛的,0
友誼,0
及格,0
天才,0
天才人物,0
天使,0
天使的,0
天使般的人,0
天真,0
天真的,0
天真無邪,0
天堂,0
天然,0
天然的,0
天資,0
天賦,0
引人注目,0
引人注目的,0
引人讚美,0
引人讚美的人,0
引以為榮,0
引以為榮的事物,0
心甘情願,0
心甘情願的,0
心情愉快,0
心情愉快的,0
心情舒暢,0
心情舒暢的,0
心愛,0
心愛的,0
心滿意足,0
心滿意足地注視,0
心醉,0
心醉神迷,0
手藝,0
支援,0
文雅,0
文雅的,0
方便,0
方便的,0
比較好,0
主動,0
主動的,0
令人高興,0
令人高興的,0
令人喜悅,0
令人喜悅的,0
令人愉快,0
令人愉快的,0
令人欽佩,0
令人欽佩的,0
令人滿意,0
令人滿意地,0
令人滿意的,0
令人難忘,0
令人難忘的,0
令人驚奇,0
令人驚奇的,0
充分,0
充份,0
充份的,0
充沛,0
充足,0
充足的,0
充裕,0
充滿深情,0
充滿深情的,0
出名,0
出名的,0
出色,0
出色的,0
出神,0
出神的,0
出眾,0
出眾的,0
加薪,0
功績,0
去除,0
可瞭解,0
可瞭解的,0
可口,0
可口的,0
可以接受,0
可以接受的,0
可用,0
可用的,0
可行,0
可行的,0
可忍受,0
可忍受的,0
可取,0
可取的,0
可信,0
可信任,0
可信任的,0
可信的,0
可信賴,0
可信賴性,0
可信賴的,0
可理解,0
可理解的,0
可喜,0
可喜的,0
可尊敬,0
可尊敬的,0
可欽佩,0
可欽佩的,0
可貴,0
可貴的,0
可愛,0
可愛地,0
可愛的,0
可敬,0
可敬的,0
可敬重,0
可敬重的,0
可經營,0
可經營的,0
可實行,0
可實行的,0
可稱讚,0
可稱讚的,0
可靠,0
可靠性,0
可靠的,0
可靠程度,0
可親,0
可攜帶,0
可攜帶的,0
古典,0
古典的,0
古雅,0
古雅的,0
叮囑,0
巨大,0
巨大的,0
巧妙,0
巧妙的,0
平安,0
平安的,0
平坦,0
平坦的,0
平息,0
平等,0
平整,0
平衡,0
平靜,0
平靜的,0
平穩,0
平穩的,0
必要,0
打趣,0
本著良心,0
本著良心的,0
未被污染,0
未被污染的,0
正大,0
正式,0
正式批准,0
正式的,0
正直,0
正直的,0
正派,0
正派的,0
正面,0
正面地,0
正常,0
正常的,0
正統,0
正規,0
正規的,0
正當,0
正當的,0
正義,0
正義的,0
正道,0
正確,0
正確地,0
正確性,0
正確的,0
永恆,0
永恆的,0
甘願,0
甘願的,0
生育,0
生效,0
生效的,0
生氣勃勃,0
生氣勃勃地,0
生動,0
生動的,0
生產,0
生產多,0
生產多的,0
用功,0
由衷,0
由衷的高興,0
目眩,0
伊甸園,0
休息,0
光芒,0
光芒四射,0
光芒四射的,0
光明,0
光明的,0
光亮,0
光亮的,0
光彩,0
光滑,0
光滑的,0
光榮,0
光榮的,0
光輝,0
光輝的,0
光澤,0
先見之明,0
全力,0
全力的,0
全面,0
全面的,0
全神貫注,0
全神貫注的,0
吉利,0
吉利的,0
吉祥,0
吉祥的,0
同情,0
同情心,0
同意,0
同意給予,0
同感,0
名聲,0
名譽,0
合乎,0
合乎情理,0
合乎情理的,0
合乎衛生,0
合乎衛生的,0
合乎邏輯,0
合乎邏輯的,0
合作,0
合作的,0
合宜,0
合法,0
合法性,0
合法的,0
合格,0
合理,0
合理的,0
合意,0
合意的,0
合群,0
合適,0
合適地,0
合適的,0
吃苦,0
吃苦耐勞,0
在乎,0
在意,0
在贊成方面,0
多才多藝,0
多才多藝的,0
多產,0
多產的,0
多智,0
多智的,0
多趣,0
多趣的,0
好天氣,0
好吃,0
好吃的,0
好事,0
好奇,0
好奇的,0
好客,0
好客的,0
好笑,0
好笑的,0
好追根究底,0
好追根究底的,0
好意,0
好意地,0
好運,0
好運的,0
好辦法,0
如畫,0
如畫的,0
守法,0
守法的,0
安全,0
安全的,0
安定,0
安逸,0
安逸的,0
安詳,0
安詳的,0
安寧,0
安寧的,0
安慰,0
安適,0
安適的,0
安靜,0
安靜的,0
安穩,0
成功,0
成功的,0
成長,0
成為,0
成就,0
成熟,0
成熟的,0
收穫,0
有力,0
有力的,0
有才氣,0
有才氣的,0
有才能,0
有才能的,0
有才智,0
有才智的,0
有才幹,0
有才幹的,0
有才幹的人,0
有分寸,0
有分寸的,0
有天才的,0
有天資,0
有天資的,0
有天賦,0
有天賦的,0
有功績,0
有功績的,0
有用,0
有用的,0
有目的,0
有目的的,0
有光澤,0
有光澤的,0
有先見之明,0
有先見之明的,0
有同情心,0
有同情心的,0
有名,0
有名的,0
有判斷力,0
有判斷力的,0
有利,0
有利的,0
有利益,0
有利益的,0
有利條件,0
有利潤,0
有利潤的,0
有助,0
有助的,0
有助益,0
有助益的東西,0
有吸引力,0
有吸引力的,0
有含義,0
有含義的,0
有把握,0
有把握地,0
有把握的,0
有決心,0
有決心的,0
有知覺,0
有知覺的,0
有信心,0
有信心的,0
有前途,0
有品格,0
有品格的,0
有威嚴,0
有威嚴的,0
有思想,0
有思想性,0
有思想性的,0
有指望,0
有耐性,0
有耐性的,0
有效,0
有效性,0
有效的,0
有效率,0
有效率的,0
有特色,0
有特色的,0
有益,0
有益於健康,0
有益於健康的,0
有益的,0
有益健康,0
有益健康的,0
有秩序,0
有能力,0
有能力的,0
有財產,0
有財產的,0
有教育意義,0
有教育意義的,0
有理,0
有規矩,0
有規範,0
有規範的,0
有責任,0
有責任心,0
有責任心的,0
有責任的,0
有創造力,0
有創造力的,0
有智慧,0
有智慧的,0
有貴族氣派,0
有貴族氣派的,0
有進取精神,0
有進取精神的,0
有雅量,0
有雅量的,0
有勢力,0
有勢力的,0
有幹勁,0
有幹勁的,0
有意義,0
有意義的,0
有感覺,0
有感覺的,0
有愛心,0
有愛心的,0
有愛國心,0
有愛國心的,0
有節制,0
有節制的,0
有義務的,0
有道德,0
有道德的,0
有精神,0
有說服力,0
有說服力的,0
有遠見,0
有遠見的,0
有價值,0
有價值的,0
有價值的人,0
有樂趣,0
有樂趣的,0
有確實根據,0
有確實根據的,0
有趣,0
有趣的,0
有魅力,0
有魅力的,0
有錢,0
有錢的,0
有頭腦,0
有頭腦的,0
有幫手,0
有幫手的,0
有幫助,0
有幫助的,0
有幫助的人,0
有膽量,0
有膽量的,0
有禮,0
有禮貌,0
有禮貌的,0
有禮貌的行為,0
有魔力,0
有魔力的,0
有權,0
有權力,0
有權力的,0
有權益,0
有權益的,0
有權能,0
有權能的,0
老實,0
老實的,0
老練,0
老練的,0
考慮,0
自主,0
自由,0
自由的,0
自白,0
自立,0
自在,0
自信,0
自信地,0
自動,0
自動的,0
自尊,0
自然,0
自然的,0
自豪,0
自豪的,0
自願,0
至上,0
至上的,0
至高,0
至高的,0
至善,0
至善的,0
行善,0
行善的,0
似天使,0
似天使的,0
似乎有理,0
作為獎品,0
作為獎品的,0
伶俐,0
伶俐的,0
克制,0
免除,0
免除的,0
免費,0
免費的,0
冷靜,0
冷靜的,0
別緻,0
別緻的,0
判斷力,0
利益,0
利潤,0
助手,0
助長,0
助益,0
努力,0
努力的,0
努力解決,0
吸引,0
吸引人,0
吸引人的,0
吸引人的事物,0
吸引力,0
均勻,0
均等,0
均衡,0
均衡的,0
壯麗,0
壯麗的,0
壯麗雄偉,0
壯麗雄偉的,0
壯觀,0
壯觀的,0
妙計,0
妥當,0
孝行,0
孝順,0
孝順的,0
完成,0
完成的,0
完美,0
完美的,0
完整,0
完整的,0
宏偉,0
宏偉的,0
希望,0
形影不離,0
形影不離的朋友,0
忘不了,0
忘不了的,0
志哀,0
志氣,0
忍耐,0
忍耐力,0
忍耐的,0
快活,0
快活的,0
快樂,0
快樂主義,0
快樂主義的,0
快樂主義者,0
快樂主義者的,0
快樂地,0
快樂的,0
快樂論,0
快樂論的,0
戒除,0
技巧,0
把握,0
批准,0
抒情,0
抒情的,0
改良,0
改革,0
改善,0
改進,0
攻讀,0
沈著,0
沈著的,0
決心,0
決定,0
決定性,0
決定性的,0
決斷,0
決斷力,0
衝勁,0
牢固,0
牢固的,0
牢靠,0
狂喜,0
狂喜的,0
狂熱,0
狂熱的,0
狂熱讚揚,0
狂歡,0
狂歡的,0
罕見,0
罕見的,0
良心,0
良心的,0
良好,0
良好的,0
良性,0
良性的,0
足夠,0
足夠的,0
足智多謀,0
迅速,0
迅速地,0
迅速的,0
防止,0
防水,0
防水的,0
防備,0
事跡,0
享有,0
享受,0
使人信服,0
使人信服的,0
使人首肯,0
使人首肯的,0
使人敬畏,0
使人敬畏的,0
使平坦,0
使平靜,0
使平靜下來,0
使用方便,0
使用方便的,0
使安靜,0
使免除,0
使固定,0
使相等,0
使涼快,0
使陶醉,0
使精細,0
使緩和,0
使醉心,0
供娛樂用,0
供娛樂用的,0
典雅,0
典雅的,0
刻苦,0
刻苦的,0
協力,0
協力的,0
協作,0
協助,0
協調,0
卓越,0
卓越的,0
取悅,0
受大眾歡迎,0
受鍾愛,0
受鍾愛的,0
受歡迎,0
受歡迎的,0
和平,0
和平的,0
和睦,0
和睦的,0
和諧,0
和諧的,0
和藹,0
和藹可親,0
和藹可親的,0
和藹的,0
周到,0
周到的,0
固守,0
固守的,0
固定,0
固定的,0
坦白,0
坦白的,0
坦直,0
坦直的,0
坦率,0
坦率的,0
奇妙,0
奇妙的,0
奇異,0
奇跡,0
奇跡的,0
宜人,0
宜人的,0
尚好,0
幸運,0
幸運地,0
幸運的,0
幸福,0
幸福的,0
征服,0
忠心,0
忠貞,0
忠貞的,0
忠誠,0
忠誠的,0
忠誠的行為,0
忠實,0
忠實的,0
承認,0
承諾,0
招待,0
招待周到,0
招待周到的,0
放下武器,0
放心,0
放心的,0
易控制,0
易控制的,0
易理解,0
易理解的,0
易管理,0
易管理的,0
易辦,0
易辦的,0
易懂,0
昌盛,0
昌盛的,0
明瞭,0
明白,0
明白的,0
明亮,0
明亮的,0
明亮照耀,0
明亮照耀的,0
明理,0
明理的,0
明晰,0
明晰的,0
明智,0
明智的,0
明智的行為,0
明確,0
明瞭,0
明瞭的,0
明顯,0
明顯的,0
服從,0
服從的,0
欣喜,0
欣然,0
欣然地,0
欣賞,0
注目,0
注重實際,0
注重實際的,0
注意,0
注意的,0
法定,0
法定的,0
法律,0
法律的,0
治療,0
物廉價美,0
物廉價美的,0
的確,0
的確地,0
直言不諱,0
直言不諱的,0
直率,0
直率的,0
直截了當,0
直覺,0
直覺的,0
知足,0
知性,0
知性的,0
知恩,0
知罪,0
知道,0
知覺,0
肥沃,0
肥沃的,0
肯定,0
肯定的,0
肯定詞,0
肯定語,0
肯順從,0
肯順從的,0
芳香,0
芳香的,0
芬芳,0
芬芳的,0
表示贊成,0
表示贊成的,0
表現突出,0
表現突出的,0
表揚,0
長處,0
非凡,0
非凡的,0
非常大方,0
非常大方的,0
非常合適,0
非常合適的,0
信心,0
信用,0
信任,0
信服,0
信實,0
信賴,0
便利,0
便利的,0
便宜,0
俠義,0
俠義的,0
保密,0
保證,0
保釋,0
保護,0
促成,0
促成的,0
促進,0
俘獲,0
冠軍,0
冠軍的,0
前進,0
勇氣,0
勇猛,0
勇敢,0
勇敢的,0
勇敢的行為,0
勇敢的事跡,0
厚道,0
厚道的,0
品行,0
品行端正,0
品行端正的,0
品味,0
品性端正,0
品性端正的,0
威嚴,0
威嚴的,0
客氣,0
客氣的,0
幽默,0
幽默感,0
建設,0
建設性,0
建設性的,0
很多,0
很多的,0
很好,0
很好地,0
很好的,0
很棒,0
很棒的,0
待人如友,0
思考,0
思想性,0
恰好,0
恰好的,0
恰當,0
恰當地,0
恰當的,0
恆久,0
恆久不變,0
恆心,0
持久,0
持久的,0
指望,0
施捨,0
施捨慷慨,0
施捨慷慨的,0
柔和,0
柔和的,0
柔軟,0
柔軟的,0
洋洋,0
洋溢,0
洋溢著幸福,0
洋溢著幸福的,0
流行,0
流行的,0
流利,0
流利的,0
流暢,0
流暢的,0
活著,0
活著的,0
活潑,0
活潑地,0
活潑的,0
為榮,0
為懷,0
珍貴,0
珍貴的,0
珍愛,0
珍愛的,0
相宜,0
相信,0
相容,0
相等,0
相稱,0
相稱的,0
盼望,0
突出,0
紅潤,0
紅潤的,0
紀念,0
約定,0
美人,0
美化,0
美好,0
美好的,0
美妙,0
美妙的,0
美味,0
美味的,0
美的事物,0
美的音樂,0
美麗,0
美麗的,0
耐用,0
耐用的,0
耐性,0
耐勞,0
致富,0
致意,0
苦思,0
苦修,0
茂盛,0
茂盛的,0
英明,0
英明的,0
英俊,0
英俊的,0
英勇,0
英勇的,0
英雄,0
英雄式,0
英雄式的,0
茁壯,0
茁壯成長,0
茁壯的,0
要緊,0
貞潔,0
貞潔的,0
負有,0
負有義務,0
負責,0
負責的,0
重大,0
重大的,0
重要,0
重要性,0
重要的,0
重要的地位,0
重視,0
革命,0
革新,0
革新的,0
音樂,0
風度,0
飛黃騰達,0
飛黃騰達的,0
首位,0
首位的,0
首肯,0
香的,0
值得,0
值得注意,0
值得注意地,0
值得注意的,0
值得的,0
值得信賴,0
值得信賴的,0
值得紀念,0
值得紀念的,0
值得崇拜,0
值得崇拜的,0
值得接受,0
值得接受的,0
值得尊重,0
值得尊重的,0
值得尊敬,0
值得尊敬的,0
值得稱讚,0
值得稱讚的,0
值得擁有,0
值得擁有的,0
值得嚮往,0
值得嚮往的,0
值得讚美,0
值得讚美的,0
值得讚揚,0
值得讚揚的,0
值錢,0
值錢的,0
修理,0
倫理,0
倫理的,0
剛毅,0
剛毅的,0
哲人,0
娛樂,0
容光,0
容光煥發,0
容光煥發的,0
容忍,0
容忍的,0
容易,0
容易的,0
容易親近,0
容易親近的,0
恭喜,0
恭敬,0
恭敬的,0
恭維,0
恩人,0
恩惠,0
悔改,0
悔悟,0
悅耳,0
悅耳的,0
捐贈,0
捐獻,0
效能,0
效率,0
時髦,0
時髦的,0
時機,0
時機成熟,0
時機成熟的,0
時機適宜,0
時機適宜的,0
根除,0
慇勤,0
慇勤的,0
氣派,0
浪漫,0
浪漫的,0
消退,0
消除,0
消散,0
消遣,0
特大,0
特大的,0
特色,0
特別,0
特別的,0
特級,0
特級的,0
特許,0
留心,0
留心的,0
留神,0
留神的,0
留情,0
留意,0
留意的,0
疼愛,0
疼愛地,0
真正,0
真正的,0
真誠,0
真誠的,0
真實,0
真實的,0
真確,0
真確的,0
神志正常,0
神志正常的,0
神志清明,0
神志清明的,0
神氣活現,0
神氣活現的,0
神智健全,0
神童,0
神聖,0
神聖的,0
祝賀,0
祝賀的,0
秩序,0
純真,0
純淨,0
純潔,0
純潔的,0
能力,0
能充分理解,0
能充分理解的,0
能生產,0
能生產的,0
能吃苦耐勞,0
能吃苦耐勞的,0
能幹,0
能幹的,0
能實行,0
能實行的,0
能懂,0
能懂的,0
虔信,0
虔敬,0
虔敬的,0
虔誠,0
虔誠的,0
衷心,0
衷心地,0
衷心的,0
討人喜歡,0
訓練,0
財產,0
財富,0
起作用,0
迷人,0
迷人之處,0
迷人的,0
迷人的美,0
追根究底,0
閃爍,0
高尚,0
高尚的,0
高級,0
高級的,0
高處,0
高貴,0
高貴的,0
高雅,0
高興,0
高興的,0
鬥志,0
偉大,0
健全,0
健全的,0
健壯,0
健壯的,0
健美,0
健美的,0
健康,0
健康的,0
偏愛,0
務實,0
參加,0
唯實論,0
唯實論的,0
堅決,0
堅決的,0
堅固,0
堅固的,0
堅固耐用,0
堅固耐用的,0
堅定,0
堅定不移,0
堅定不移的,0
堅定的,0
堅持,0
堅持不懈,0
堅持的,0
堅強,0
堅強的,0
堅硬無比,0
堅硬無比的,0
堅韌,0
堅韌的,0
堅毅,0
堂皇,0
堂皇的,0
專門,0
專門的,0
專家,0
專屬,0
專屬的,0
崇拜,0
崇高,0
崇敬,0
帶有靈感,0
帶有靈感的,0
帶來福氣,0
帶來福氣的,0
強大,0
強大的,0
強壯,0
強壯的,0
強健,0
強健的,0
彬彬,0
彬彬有禮,0
彬彬有禮的,0
得人心,0
得力,0
得到,0
得要領,0
得意,0
得意揚揚,0
得獎,0
得獎的,0
得體,0
得體的,0
從容,0
從容不迫,0
從容不迫的,0
情願,0
接受,0
接濟,0
推進,0
推薦,0
教養,0
啟發,0
啟發想像力,0
啟發想像力的,0
敏悟,0
敏悟的,0
敏捷,0
敏捷地,0
敏捷的,0
敏感,0
敏感的,0
敏銳,0
敏銳的,0
敏銳的感覺力,0
毫不,0
毫不含糊,0
毫不含糊的,0
毫無,0
毫無隱諱交談,0
毫無隱諱交談的,0
涼快,0
涼快的,0
涼爽,0
涼爽的空氣,0
清白,0
清白的,0
清秀,0
清秀的,0
清明,0
清除,0
清理,0
清晰,0
清楚,0
清楚地,0
清楚易懂,0
清楚易懂的,0
清楚的,0
清澈,0
清澈的,0
清潔,0
清潔的,0
淘氣,0
深切,0
深切注意,0
深切注意的,0
深刻,0
深刻的,0
深思,0
深思的,0
深情,0
深慮,0
深謀遠慮,0
率直,0
率直地,0
率直的,0
理性,0
理性的,0
理想,0
理想的,0
理會,0
理解,0
甜蜜,0
產量多,0
產量多的,0
盛年,0
第一流,0
第一流的,0
符合,0
符合的,0
符合要求,0
符合要求的,0
細心,0
細心的,0
細緻,0
細緻優雅,0
細緻優雅的,0
細膩,0
細膩的,0
羞怯,0
羞怯的,0
習慣,0
莊重,0
莊嚴,0
莊嚴的,0
被喜愛,0
被喜愛的,0
規矩,0
規範,0
許可,0
責任心,0
責任重大,0
責任重大的,0
通用,0
通用的,0
通知,0
通俗,0
通俗的,0
通過,0
連根拔起,0
連貫,0
連貫的,0
造詣,0
透明,0
透明的,0
陶醉,0
雀躍,0
傑出,0
傑出人物,0
傑出的,0
最上,0
最上的,0
最好,0
最好地,0
最有效地,0
最佳,0
最佳的,0
最重要,0
最重要的,0
最高,0
最高的,0
最理想,0
最理想的,0
最適當地,0
最優秀,0
最優秀的,0
凱旋,0
凱旋的,0
創立,0
創立者,0
創造,0
創造力,0
創造性,0
創造性的,0
創造的,0
創新,0
創新的,0
勝任,0
勝任的,0
勝利,0
勝利的,0
勝過,0
博愛,0
博愛的,0
博愛者,0
喝彩,0
喜不自禁,0
喜不自禁的,0
喜悅,0
喜氣,0
喜氣洋洋,0
喜氣洋洋的,0
喜愛,0
喜劇,0
喜劇的,0
喜慶,0
喜慶的,0
喜歡,0
喜歡的,0
報答,0
報答的,0
奠基,0
奠基者,0
富有,0
富有的,0
富有魅力,0
富有魅力的,0
富足,0
富於,0
富於同情心,0
富於同情心的,0
富於的,0
富於機智,0
富於機智的,0
富幽默感,0
富幽默感的,0
富裕,0
富裕的,0
富麗,0
富麗的,0
富麗堂皇,0
富麗堂皇的,0
富饒,0
富饒的,0
寓意,0
尊重,0
尊重人,0
尊重人的,0
尊敬,0
尊敬人,0
尊敬人的,0
尊敬的,0
尊嚴,0
惠顧,0
愜意,0
愜意的,0
愉快,0
愉快地,0
愉快地說,0
愉快的,0
掌握,0
提升,0
提高,0
揚揚,0
晴朗,0
晴朗的,0
智力,0
智力的,0
智巧,0
智慧,0
期待,0
欽佩,0
減輕,0
渴望,0
渴望的,0
渴望獲得,0
滋養,0
滋養的,0
無比,0
無比的,0
無可指責,0
無可指責的,0
無可挑剔,0
無可挑剔的,0
無可責難,0
無可責難的,0
無可置辯,0
無可置辯的,0
無污點,0
無污點的,0
無刺激性,0
無刺激性的,0
無畏,0
無畏的,0
無害處,0
無害處的,0
無缺點,0
無缺點的,0
無庸,0
無庸置疑,0
無庸置疑地,0
無異議,0
無異議的,0
無惡意,0
無惡意的,0
無裂縫,0
無裂縫的,0
無瑕,0
無瑕的,0
無瑕疵,0
無瑕疵的,0
無罪,0
無罪的,0
無過失,0
無過失的,0
無疑,0
無疑的,0
無疑問,0
無疑問的,0
無誤,0
無誤地,0
無價,0
無價的,0
無憂無慮,0
無憂無慮的,0
無慾,0
無慾的,0
無敵,0
無敵的,0
無懈可擊,0
無懈可擊的,0
無邊無際,0
無髒污,0
無髒污的,0
痛快,0
痛快地,0
發育,0
發展,0
發財,0
發財致富,0
發達,0
發覺,0
稍息,0
稀少,0
稀少的,0
稀罕,0
稀罕的,0
稀奇,0
稀奇的,0
答應,0
絕妙,0
絕妙的,0
絕無,0
絕無錯誤,0
絕無錯誤的,0
絕對可靠,0
絕對可靠的,0
給予,0
善心,0
善行,0
善行的,0
善良,0
善良的,0
善於,0
善於經營,0
善於經營的,0
善理,0
善理家,0
善理家的,0
善意,0
善意的,0
善說服,0
善說服的,0
善舉,0
善辯,0
舒服,0
舒服的,0
舒暢,0
舒適,0
舒適的,0
華麗,0
華麗的,0
著名,0
著名的,0
著迷,0
著迷的,0
貴重,0
貴重的,0
貴族,0
貴族的,0
超凡,0
超凡技術,0
進行,0
進步,0
進步的,0
進取,0
進取心,0
開化,0
開拓,0
開放,0
開放的,0
開採,0
開發,0
間歇,0
雅致,0
雅致的,0
雅量,0
雅觀,0
雄偉,0
雄辯,0
雄辯的,0
集資,0
順利,0
順利的,0
順從,0
順從的,0
順當,0
傳奇性,0
傳奇性的,0
勤勉,0
勤勉的,0
勤奮,0
勤奮的,0
嗜好,0
圓滿,0
圓滿的,0
幹勁,0
微妙,0
微妙的,0
微微,0
微微的,0
意味深長,0
意味深長的,0
慈祥,0
慈祥的,0
慈悲,0
慈悲心,0
慈悲的,0
慈悲為懷,0
慈悲為懷的,0
慈善,0
慈善的,0
感人,0
感人的,0
感到滿意,0
感動,0
感激,0
感激的,0
感謝,0
感謝的,0
想像,0
想像力,0
想像的,0
愛心,0
愛打趣,0
愛打趣的,0
愛好,0
愛好和平,0
愛好和平的,0
愛國,0
愛國心,0
愛國的,0
愛情,0
愛說話,0
愛說話的,0
愛慕,0
慎重,0
慎重的,0
慎慮,0
慎慮的,0
敬畏,0
敬重,0
敬禮,0
新奇,0
新奇的,0
新鮮,0
新鮮的,0
暖和,0
暖和的,0
極力誇獎,0
極好,0
極好的,0
極好的人,0
極度高興,0
極度高興的,0
極貴重,0
極貴重的,0
極樂,0
極樂的,0
溫文,0
溫文儒雅,0
溫文儒雅的,0
溫和,0
溫和的,0
溫柔,0
溫柔的,0
溫柔親切,0
溫柔親切的,0
溫順,0
溫順的,0
溫暖,0
溫暖的,0
準備,0
準確,0
準確的,0
照耀,0
煥發,0
當心,0
當然,0
當然的,0
萬能,0
萬能的,0
節制,0
節制的,0
節約,0
節約的,0
節儉,0
節儉的,0
經回火後具有的韌度,0
經得起檢驗,0
經得起檢驗的,0
經營,0
經驗,0
義務,0
羨慕,0
羨慕的,0
聖人,0
聖徒,0
聖潔,0
聖潔的,0
補足,0
補足的,0
解決,0
解除,0
解除武裝,0
解開,0
詳細,0
詳盡,0
詳盡的,0
詩意,0
詩意的,0
誇獎,0
詼諧,0
詼諧的,0
誠實,0
誠實的,0
誠摯,0
誠摯的,0
誠懇,0
誠懇的,0
資助,0
資源,0
資源豐富,0
資源豐富的,0
較好,0
較好者,0
較優,0
較優者,0
道理,0
道德,0
道德的,0
道德崇高,0
道德崇高的人,0
達成,0
達到,0
逼真,0
逼真地,0
逼真的,0
頌揚,0
鼓掌,0
鼓掌歡呼表示通過,0
鼓掌歡迎,0
鼓舞,0
鼓舞人心,0
鼓舞人心的,0
鼓舞人心的人,0
鼓勵,0
嘉獎,0
嘟嘟,0
夥伴,0
夥伴的,0
寧靜,0
寧靜的,0
實用,0
實用性,0
實用性的,0
實在,0
實在的,0
實在論,0
實在論的,0
實行,0
實際,0
實際可行,0
實際可行的,0
實際的,0
嶄新,0
嶄新的,0
慷慨,0
慷慨的,0
慷慨的行為,0
暢談,0
暢談的,0
榮耀,0
榮譽,0
榮譽的,0
漂亮,0
漂亮地,0
漂亮的,0
漂亮的東西,0
滿足,0
滿意,0
滿意地說,0
滿意的,0
滿懷,0
滿懷敬畏,0
滿懷敬畏的,0
盡情,0
盡情地,0
睿智,0
福利,0
福氣,0
稱心,0
稱讚,0
端正,0
端莊,0
端莊的,0
管理,0
精力,0
精力充沛,0
精力充沛的,0
精心,0
精心的,0
精巧,0
精巧地,0
精巧的,0
精巧的設計,0
精明,0
精明的,0
精美,0
精美的,0
精緻,0
精緻的,0
精密,0
精密的,0
精細,0
精細的,0
精通,0
精通的,0
精確,0
精確性,0
精確的,0
精確度,0
精緻,0
精緻的,0
精選,0
精選的,0
緊要,0
認可,0
認真,0
認真的,0
說明,0
說服,0
說服力,0
誘人,0
豪勇,0
豪華,0
豪華的,0
輔助,0
輔助的,0
輕快,0
輕快地,0
輕快的,0
輕鬆,0
輕鬆的,0
遠見,0
儀態高貴,0
儀態高貴的,0
增加,0
增進,0
增進友誼,0
增進友誼的,0
嬉戲,0
嬉戲的,0
嫻雅,0
嫻雅的,0
嬌美,0
寬大,0
寬大的,0
寬容,0
寬容的,0
寬恕,0
寬恕的,0
寬闊,0
寬闊的,0
審慎,0
審慎的,0
寫實,0
寫實地,0
寫實的,0
履行,0
廣闊,0
德高望重,0
德高望重的人,0
慶祝,0
慶祝的,0
慶賀,0
憐憫,0
憐憫心,0
憐憫的,0
標緻,0
標緻的,0
標準的,0
樂而忘憂,0
樂而忘憂的,0
樂事,0
樂園,0
樂意,0
樂意地,0
樂意的,0
樂趣,0
樂觀,0
樂觀的,0
毅然,0
毅然的,0
澄清,0
潔淨,0
潔淨的,0
潛心,0
潛心於,0
熟悉,0
熟悉的,0
熟慮,0
熟練,0
熟練地,0
熟練的,0
熱切,0
熱切地,0
熱心,0
熱心的,0
熱心腸,0
熱心腸的,0
熱忱,0
熱忱的,0
熱烈,0
熱烈的,0
熱衷,0
熱衷的,0
熱情,0
熱情的,0
熱望,0
熱望的,0
熱愛,0
熱誠,0
熱誠地,0
獎品,0
獎勵,0
確定,0
確信,0
確實,0
確實的,0
締造,0
締造者,0
緩和,0
衛生,0
衛生的,0
褒揚,0
談笑,0
請求,0
調和,0
調和的,0
調停,0
調劑,0
賢人,0
賢明,0
賢明的,0
趣味,0
趣味相同,0
趣味相同的,0
踏實,0
踏實的,0
輝煌,0
輝煌的,0
輝耀,0
適任,0
適合,0
適合的,0
適宜,0
適宜的,0
適度,0
適度的,0
適時,0
適意,0
適意的,0
適當,0
適當地,0
適當的,0
適應,0
適應的,0
醇的,0
醉人,0
醉心,0
魅力,0
儒雅,0
凝聚,0
凝聚性,0
凝聚性的,0
勳績,0
噪聲小,0
噪聲小的,0
奮爭,0
奮鬥,0
奮發,0
奮進,0
學習,0
學識,0
戰勝,0
擅長,0
擁有,0
擔負,0
整齊,0
整齊的,0
整潔,0
整潔的,0
樸素,0
樸素的,0
機巧,0
機敏,0
機敏地,0
機敏的,0
機智,0
機智的,0
機會,0
機警,0
機靈,0
機靈的,0
激勵,0
獨一無二,0
獨一無二的,0
獨立,0
獨立自主,0
獨立自主的,0
獨有,0
獨有的,0
獨特,0
獨特的,0
獨創,0
獨創性,0
積極,0
積極性,0
積極的,0
興旺,0
興高采烈,0
興高采烈地,0
興高采烈的,0
興盛,0
興盛的,0
興趣,0
興奮,0
興奮的,0
親切,0
親切的,0
親近,0
親密,0
親密的,0
親愛,0
親愛的,0
諧調,0
諧調的,0
諾言,0
遵守,0
遵從,0
頭腦清楚,0
頭腦清楚的,0
優秀,0
優秀的,0
優良,0
優良的,0
優於,0
優美,0
優美地,0
優美的,0
優勝,0
優勝的,0
優雅,0
優勢,0
優質,0
優質的,0
償清,0
幫手,0
幫助,0
幫助脫離困境,0
懂事,0
懇求,0
營養,0
營養的,0
燦爛,0
燦爛的,0
獲利,0
獲利的,0
獲得,0
獲得勝利,0
獲勝,0
獲勝的,0
瞭解,0
矯正,0
縫補,0
繁茂,0
繁茂的,0
繁盛,0
繁盛的,0
繁榮,0
繁榮的,0
聲望,0
聲譽,0
聲譽好,0
聲譽好的,0
聰明,0
聰明的,0
聰慧,0
聰慧的,0
聰穎,0
聰穎的,0
聯合,0
聯合起來,0
膽量,0
舉行,0
舉行凱旋式,0
謙卑,0
謙卑的,0
謙恭,0
謙恭有禮,0
謙恭有禮的言辭,0
謙恭的,0
謙虛,0
謙遜,0
謙遜地,0
謙遜的,0
豁免,0
賺錢,0
避免,0
鍾愛,0
鍛煉,0
鮮明,0
鮮明的,0
鮮豔,0
鮮豔的,0
嚮往,0
獵獲,0
禮貌,0
簡易,0
簡明,0
簡樸,0
簡樸的,0
織補,0
職責,0
謹慎,0
謹慎的,0
豐富,0
豐富的,0
豐滿,0
豐滿的,0
豐饒,0
豐饒的,0
醫治,0
寵愛,0
寵愛的,0
懷著,0
懷著希望,0
懷著希望的,0
穩固,0
穩定,0
穩定性,0
穩定的,0
穩重,0
穩重的,0
穩健,0
穩健的,0
藝術,0
贊同,0
贊成,0
贊成的,0
贊成的一方,0
贊成的論點,0
贊成者,0
贊成票,0
贊助,0
讚許,0
讚許的,0
關心,0
難忘,0
難忘的,0
願意,0
嚴密,0
嚴肅,0
嚴肅性,0
嚴肅的,0
嚴謹,0
嚴謹的,0
寶貴,0
寶貴的,0
懺悔,0
攙扶,0
覺察,0
警覺,0
騰躍,0
顧慮周到,0
顧慮周到的,0
魔力,0
魔法,0
權益,0
歡天喜地,0
歡呼,0
歡欣,0
歡迎,0
歡迎的,0
歡笑,0
歡喜,0
歡喜的,0
歡慶,0
歡慶勝利,0
歡樂,0
歡樂的,0
歡鬧,0
歡鬧的,0
歡騰,0
歡騰的,0
歡躍,0
聽話,0
鑒別力,0
纖細,0
纖細的,0
變平靜,0
變好,0
變得較好,0
變清,0
邏輯,0
顯著,0
顯著地,0
顯著的,0
顯赫,0
顯赫的,0
驚奇,0
驚羨,0
體面,0
體貼,0
體貼的,0
體諒,0
體諒的,0
讓步,0
靈巧,0
靈巧地,0
靈巧的,0
靈活,0
靈活的,0
靈敏,0
靈敏性,0
靈敏的,0
靈感,0
讚美,0
讚揚,0
讚揚的,0
讚歎,0
讚歎不已,0
讚賞,0
羨慕,0
一吐為快,0
一見鍾情,0
一往情深,0
一笑置之,0
了不起,0
人味,0
大笑,0
大喜,0
大喜若狂,0
大無畏,0
才華,0
才幹,0
不亦樂乎,0
不忍,0
不爭,0
不遺餘力,0
中肯,0
互利,0
互助,0
互助合作,0
互惠,0
互愛,0
互敬,0
仁善,0
公平,0
分工,0
分工合作,0
友善,0
友愛,0
天籟,0
太好,0
太好了,0
引以為傲,0
引以為榮,0
引吭,0
引吭高歌,0
心心相印,0
心平氣和,0
心甘情願,0
心如止水,0
心安理得,0
心有慼慼,0
心有靈犀,0
心花怒放,0
心動,0
心想事成,0
心愛,0
心誠則靈,0
心滿意足,0
心儀,0
心寬,0
心寬體胖,0
心曠神怡,0
日久生情,0
出人意表,0
出乎意料,0
出息,0
功德,0
可信,0
可喜,0
可愛,0
可敬,0
平心,0
平心靜氣,0
平平淡淡,0
平平靜靜,0
平衡,0
平靜,0
平靜下來,0
打趣,0
母愛,0
甘美,0
甘甜,0
甘願,0
生日快樂,0
生情,0
由衷,0
白金,0
光彩,0
光榮,0
同情,0
合作,0
地位,0
多幸褔,0
多福,0
好心情,0
好事,0
好意,0
好感,0
好運,0
好學,0
如意,0
守信,0
安心,0
安可,0
安好,0
安安靜靜,0
安安穩穩,0
安身,0
安身立命,0
安和樂利,0
安命,0
安定,0
安於,0
安泰,0
安眠,0
安康,0
安祥,0
安然,0
安逸,0
安詳,0
安寧,0
安睡,0
安慰,0
安樂,0
安適,0
安靜,0
有說有笑,0
有趣,0
有禮,0
自由,0
自由自在,0
自立自強,0
自在,0
自如,0
自助,0
自告奮勇,0
自信,0
自信滿滿,0
自勉,0
自得其樂,0
你儂我儂,0
克服,0
冷靜,0
含笑,0
含情脈脈,0
妙不可言,0
完好,0
完美,0
完滿,0
希望,0
希冀,0
快快活活,0
快快樂樂,0
快活,0
快樂,0
把握,0
抒情,0
抒發,0
抒解,0
抒懷,0
改善,0
改頭換面,0
求新,0
狂喜,0
狂愛,0
狂熱,0
狂歡,0
肝膽相照,0
良心,0
良好,0
良性,0
良善,0
言笑晏晏,0
言歸於好,0
走好運,0
呵呵,0
奉獻,0
幸福,0
果斷,0
欣喜,0
欣賞,0
知恥,0
長進,0
信心,0
信用,0
冠軍,0
勇氣,0
哈哈,0
威嚴,0
很爽,0
施恩,0
柔情,0
柔順,0
洋房,0
活力,0
為快,0
為傲,0
為榮,0
美感,0
美夢,0
音樂,0
香甜,0
原諒,0
振奮,0
慇勤,0
真理,0
真愛,0
笑兮兮,0
笑死,0
笑死羅,0
笑勒,0
討好,0
討喜,0
財富,0
高高興興,0
高歌,0
高興,0
健美,0
偏袒,0
偏愛,0
崇拜,0
崇敬,0
得意,0
悠哉,0
情不自禁,0
情投意合,0
情深,0
情願,0
教養,0
望子成龍,0
淳樸,0
清高,0
爽快,0
爽朗,0
率真,0
理會,0
甜甜蜜蜜,0
甜滋滋,0
甜蜜,0
脫俗,0
雀躍,0
博愛,0
喜出望外,0
喜悅,0
喜感,0
喜愛,0
喜歡,0
報恩,0
報喜,0
富強,0
尊重,0
尊崇,0
尊嚴,0
悲憐,0
悲憫,0
愉快,0
愉悅,0
揚揚自得,0
智慧,0
期待,0
期盼,0
期望,0
期許,0
欽佩,0
渴求,0
渴盼,0
渴望,0
渴慕,0
無畏,0
超好,0
開心,0
開朗,0
雅觀,0
順眼,0
黃金,0
廉潔,0
意氣風發,0
慈和,0
慈祥,0
慈悲,0
感人,0
感同身受,0
感恩,0
感動,0
感激,0
感謝,0
愛人,0
愛人如己,0
愛上,0
愛心,0
愛慕,0
愛憐,0
愛撫,0
敬佩,0
敬愛,0
新奇,0
暖呼呼,0
暖烘烘,0
暖意,0
會心,0
會心一笑,0
溺愛,0
溫文,0
溫情,0
溫暖,0
溫慰,0
溫藹,0
溫馨,0
煥發,0
癡心,0
癡狂,0
癡情,0
癡癡,0
義不容辭,0
義無反顧,0
羨煞,0
羨慕,0
群情激憤,0
群策群力,0
解決,0
誇獎,0
誇耀,0
詼諧,0
誠心誠意,0
誠摯,0
誠懇,0
道謝,0
達觀,0
過關,0
過癮,0
酬謝,0
鼓舞,0
夢想,0
奪冠,0
奪得,0
奪魁,0
嫣然一笑,0
實現,0
實現出來,0
慷慨,0
旗開得勝,0
暢快,0
榮幸,0
榮譽,0
漂亮,0
漂漂亮亮,0
滿足,0
滿面春風,0
滿意,0
滿載而歸,0
漸入佳境,0
瘋狂,0
盡如人意,0
盡興,0
福祉,0
福氣,0
稱讚,0
窩心,0
精神百倍,0
與有榮焉,0
認同,0
誘人,0
輕輕鬆鬆,0
輕鬆,0
遙遙領先,0
領先,0
嘻嘻,0
嘻嘻哈哈,0
嘿嘿,0
寬厚,0
寬容,0
寬恕,0
廢寢忘食,0
慶幸,0
慶祝,0
慰問,0
憧憬,0
憐惜,0
憐憫,0
樂子,0
樂不可支,0
樂天,0
樂乎,0
樂在其中,0
樂此不疲,0
樂見,0
樂呵呵,0
樂於,0
樂意,0
樂趣,0
樂觀,0
毅力,0
熱力,0
熱中,0
熱切,0
熱切於,0
熱心,0
熱忱,0
熱情,0
熱愛,0
熱誠,0
熱熱鬧鬧,0
熱鬧,0
熱戀,0
獎勵,0
練成,0
蓬勃,0
衛生,0
衛冕,0
衝勁,0
諒解,0
談笑風生,0
談戀愛,0
賞心悅目,0
賞識,0
賞識到,0
賢明,0
賢淑,0
賢慧,0
適性,0
適得,0
適得其所,0
醉人,0
養活,0
魅力,0
器重,0
奮力,0
奮不顧身,0
奮勇,0
奮起,0
奮鬥,0
奮發,0
學以致用,0
學好,0
學成,0
學成歸國,0
學有專精,0
學習好,0
學進,0
學進去,0
學會,0
戰勝,0
戰無不勝,0
擁護,0
擔待,0
激昂,0
激賞,0
激勵,0
激盪,0
興沖沖,0
興致勃勃,0
興高采烈,0
親和,0
親善,0
親愛,0
懇摯,0
聰明,0
臉紅,0
謙卑,0
謝謝,0
豁然開朗,0
鍾情,0
鍾愛,0
嚮往,0
豐腴,0
關心,0
關愛,0
關懷,0
韻味,0
願意,0
犧牲,0
歡天喜地,0
歡叫,0
歡呼,0
歡欣,0
歡迎,0
歡笑,0
歡喜,0
歡愉,0
歡樂,0
戀愛,0
戀戀,0
驚喜,0
讚許,0
讚賞,0
煇煌,0
